gene	pearson_correlation	pearson_pvalue	n_perturbed_cells	method
NAF1	0.046734	0.0366319828	94	STATE_ST-HVG-Parse
BUB1	0.139422	4e-10	648	STATE_ST-HVG-Parse
UBL5	0.219874	0.0	232	STATE_ST-HVG-Parse
C9orf16	0.019842	0.3751382828	212	STATE_ST-HVG-Parse
TIMM9	0.069686	0.0018190206	201	STATE_ST-HVG-Parse
SMG5	0.02005	0.3701571822	83	STATE_ST-HVG-Parse
ZNF687	-0.067895	0.0023816752	205	STATE_ST-HVG-Parse
MED9	0.288241	0.0	119	STATE_ST-HVG-Parse
RPL3	0.154073	0.0	1996	STATE_ST-HVG-Parse
PSTK	-0.0502	0.0247659348	379	STATE_ST-HVG-Parse
RNF8	0.014316	0.5222485662	176	STATE_ST-HVG-Parse
MED1	0.28092	0.0	254	STATE_ST-HVG-Parse
HNRNPH1	0.143285	1e-10	160	STATE_ST-HVG-Parse
RPL10A	0.276168	0.0	257	STATE_ST-HVG-Parse
SLC35B1	-0.024283	0.277728498	70	STATE_ST-HVG-Parse
LIN54	0.026544	0.2354074419	306	STATE_ST-HVG-Parse
EIF1AX	0.150125	0.0	134	STATE_ST-HVG-Parse
OR7A17	-0.033613	0.1329171807	108	STATE_ST-HVG-Parse
NUP98	0.287087	0.0	510	STATE_ST-HVG-Parse
OIP5	-0.06129	0.0061099539	137	STATE_ST-HVG-Parse
ANAPC15	0.033926	0.1293370575	424	STATE_ST-HVG-Parse
RRM2	0.191047	0.0	577	STATE_ST-HVG-Parse
N6AMT1	-0.077738	0.0005021101	138	STATE_ST-HVG-Parse
RPS20	0.325492	0.0	273	STATE_ST-HVG-Parse
WTAP	0.005578	0.803134203	165	STATE_ST-HVG-Parse
RIOK2	0.310244	0.0	174	STATE_ST-HVG-Parse
CIAO1	0.039397	0.078159824	255	STATE_ST-HVG-Parse
POP7	0.174685	0.0	218	STATE_ST-HVG-Parse
EIF3E	0.11746	1.38e-07	232	STATE_ST-HVG-Parse
MRPS14	-0.018876	0.3988248706	92	STATE_ST-HVG-Parse
MYO1H	-0.013553	0.5446786284	124	STATE_ST-HVG-Parse
MRPL2	0.000241	0.9913876057	147	STATE_ST-HVG-Parse
MED10	0.226743	0.0	516	STATE_ST-HVG-Parse
TRA2B	-0.06058	0.0067277784	222	STATE_ST-HVG-Parse
PSMC4	0.201463	0.0	242	STATE_ST-HVG-Parse
NAA38	0.221916	0.0	368	STATE_ST-HVG-Parse
LENG8	-0.023649	0.2904751897	121	STATE_ST-HVG-Parse
CDAN1	0.153337	0.0	137	STATE_ST-HVG-Parse
KLC2	-0.029189	0.1919550747	127	STATE_ST-HVG-Parse
CHORDC1	-0.04904	0.0283018481	259	STATE_ST-HVG-Parse
PPP4C	0.108488	1.1559e-06	171	STATE_ST-HVG-Parse
RAB18	0.077022	0.0005657656	43	STATE_ST-HVG-Parse
TUBGCP2	0.121652	4.83e-08	238	STATE_ST-HVG-Parse
EIF3M	0.173115	0.0	246	STATE_ST-HVG-Parse
CADM4	-0.063037	0.0048000421	381	STATE_ST-HVG-Parse
RPL5	0.261473	0.0	200	STATE_ST-HVG-Parse
TICRR	0.172019	0.0	157	STATE_ST-HVG-Parse
RPL13	0.25074	0.0	337	STATE_ST-HVG-Parse
KIF11	0.180219	0.0	974	STATE_ST-HVG-Parse
ASF1B	-0.034274	0.1254542619	284	STATE_ST-HVG-Parse
CNOT3	0.225766	0.0	332	STATE_ST-HVG-Parse
WDR36	0.296366	0.0	285	STATE_ST-HVG-Parse
RPL31	0.279855	0.0	294	STATE_ST-HVG-Parse
SNAPC3	0.102334	4.5251e-06	212	STATE_ST-HVG-Parse
MED12	0.28717	0.0	573	STATE_ST-HVG-Parse
PRODH	-0.044929	0.044532869	379	STATE_ST-HVG-Parse
NBAS	0.112365	4.706e-07	107	STATE_ST-HVG-Parse
CKAP5	0.193058	0.0	315	STATE_ST-HVG-Parse
ELP5	-0.005802	0.7954087257	177	STATE_ST-HVG-Parse
ZNF407	-0.086193	0.0001136443	112	STATE_ST-HVG-Parse
SNX15	0.203329	0.0	637	STATE_ST-HVG-Parse
RPS6	0.357074	0.0	178	STATE_ST-HVG-Parse
TUBD1	0.011206	0.6164832711	190	STATE_ST-HVG-Parse
SEC13	0.159336	0.0	56	STATE_ST-HVG-Parse
EIF4E	0.209371	0.0	357	STATE_ST-HVG-Parse
H2AFZ	0.072586	0.0011605026	106	STATE_ST-HVG-Parse
EEF1G	0.078697	0.0004271411	175	STATE_ST-HVG-Parse
DNAJA1	0.138169	5e-10	292	STATE_ST-HVG-Parse
LSG1	0.143504	1e-10	116	STATE_ST-HVG-Parse
FBXO5	0.030381	0.1744202971	326	STATE_ST-HVG-Parse
MTOR	0.146743	0.0	101	STATE_ST-HVG-Parse
SFSWAP	0.021734	0.3313061297	172	STATE_ST-HVG-Parse
USP8	0.046318	0.038336467	74	STATE_ST-HVG-Parse
HTATSF1	0.017424	0.43609339	96	STATE_ST-HVG-Parse
SUPT5H	0.343655	0.0	406	STATE_ST-HVG-Parse
WDR4	0.087364	9.15068e-05	347	STATE_ST-HVG-Parse
AP2M1	0.048712	0.029374769	215	STATE_ST-HVG-Parse
PPP2R3C	-0.074667	0.000832346	52	STATE_ST-HVG-Parse
LTB4R2	-0.032656	0.144317463	188	STATE_ST-HVG-Parse
EIF4G1	0.188572	0.0	372	STATE_ST-HVG-Parse
RPA1	0.216076	0.0	469	STATE_ST-HVG-Parse
TRRAP	0.179967	0.0	427	STATE_ST-HVG-Parse
BRF1	0.107281	1.5198e-06	166	STATE_ST-HVG-Parse
NUP205	0.120827	5.96e-08	735	STATE_ST-HVG-Parse
PRPF40A	0.100602	6.5538e-06	118	STATE_ST-HVG-Parse
HSPA9	0.247285	0.0	420	STATE_ST-HVG-Parse
SLU7	0.283833	0.0	225	STATE_ST-HVG-Parse
DDX46	0.091092	4.50959e-05	214	STATE_ST-HVG-Parse
NOP16	0.221534	0.0	149	STATE_ST-HVG-Parse
PMPCA	0.143048	1e-10	140	STATE_ST-HVG-Parse
NSUN4	0.023873	0.2859289348	156	STATE_ST-HVG-Parse
HARS2	0.056441	0.0115851648	62	STATE_ST-HVG-Parse
POLA1	0.126743	1.29e-08	230	STATE_ST-HVG-Parse
SNRNP40	-0.052578	0.0186963342	210	STATE_ST-HVG-Parse
EMC3	-0.116643	1.686e-07	195	STATE_ST-HVG-Parse
ERH	0.286557	0.0	86	STATE_ST-HVG-Parse
MRPS7	-0.038949	0.0816101134	123	STATE_ST-HVG-Parse
CENPJ	0.290112	0.0	282	STATE_ST-HVG-Parse
MRPS28	0.029328	0.189839229	158	STATE_ST-HVG-Parse
SLC7A5	0.098306	1.06132e-05	378	STATE_ST-HVG-Parse
RPS27	0.351919	0.0	174	STATE_ST-HVG-Parse
SUPT6H	0.336314	0.0	288	STATE_ST-HVG-Parse
U2SURP	0.081241	0.0002758797	290	STATE_ST-HVG-Parse
GFER	0.084727	0.0001485011	222	STATE_ST-HVG-Parse
FAM136A	0.238289	0.0	50	STATE_ST-HVG-Parse
KDM8	-0.026557	0.2351718992	56	STATE_ST-HVG-Parse
C1QBP	0.180287	0.0	210	STATE_ST-HVG-Parse
DNLZ	0.008624	0.6999105811	140	STATE_ST-HVG-Parse
ZMAT2	0.105104	2.4712e-06	436	STATE_ST-HVG-Parse
RSL24D1	0.216297	0.0	179	STATE_ST-HVG-Parse
PMPCB	0.159015	0.0	553	STATE_ST-HVG-Parse
UPF3A	0.02012	0.3684747815	76	STATE_ST-HVG-Parse
RPS13	0.327455	0.0	135	STATE_ST-HVG-Parse
SUGP1	-0.021849	0.3287551701	149	STATE_ST-HVG-Parse
BTF3	0.107484	1.4517e-06	79	STATE_ST-HVG-Parse
PGD	0.118932	9.59e-08	115	STATE_ST-HVG-Parse
SNRNP200	0.254462	0.0	169	STATE_ST-HVG-Parse
BCAS2	0.110442	7.377e-07	227	STATE_ST-HVG-Parse
CACNB3	-0.02302	0.3034842014	316	STATE_ST-HVG-Parse
RAD51	0.041501	0.0635066554	241	STATE_ST-HVG-Parse
SLC39A9	0.052612	0.0186210722	752	STATE_ST-HVG-Parse
SLC1A5	0.007818	0.726767838	490	STATE_ST-HVG-Parse
NUDC	0.139496	4e-10	117	STATE_ST-HVG-Parse
URB1	0.031919	0.1535963267	33	STATE_ST-HVG-Parse
FXN	0.072961	0.0010937456	174	STATE_ST-HVG-Parse
PCF11	0.216807	0.0	499	STATE_ST-HVG-Parse
SAE1	0.09165	4.0466e-05	121	STATE_ST-HVG-Parse
SERBP1	-0.003878	0.8624028563	109	STATE_ST-HVG-Parse
ABCB7	0.150788	0.0	199	STATE_ST-HVG-Parse
PSMA3	0.135213	1.3e-09	372	STATE_ST-HVG-Parse
TFIP11	0.05405	0.0156290196	61	STATE_ST-HVG-Parse
RPS26	0.319353	0.0	87	STATE_ST-HVG-Parse
MAK16	0.203841	0.0	213	STATE_ST-HVG-Parse
ACOT12	-0.064251	0.0040458618	180	STATE_ST-HVG-Parse
TIMM23B	0.18016	0.0	498	STATE_ST-HVG-Parse
GRPEL1	0.170257	0.0	123	STATE_ST-HVG-Parse
COX7B	-0.012507	0.5761722922	120	STATE_ST-HVG-Parse
SACM1L	0.041762	0.0618626587	193	STATE_ST-HVG-Parse
EIF3A	0.250527	0.0	379	STATE_ST-HVG-Parse
METAP2	0.110309	7.608e-07	161	STATE_ST-HVG-Parse
ZCCHC9	0.24282	0.0	54	STATE_ST-HVG-Parse
VPS37A	-0.033179	0.1379909962	75	STATE_ST-HVG-Parse
LAMTOR4	0.084456	0.0001559704	136	STATE_ST-HVG-Parse
RPL37	0.219363	0.0	382	STATE_ST-HVG-Parse
RSL1D1	0.171461	0.0	211	STATE_ST-HVG-Parse
ACTL6A	0.055029	0.0138436714	55	STATE_ST-HVG-Parse
PHF5A	0.15805	0.0	231	STATE_ST-HVG-Parse
ZNHIT6	0.23219	0.0	117	STATE_ST-HVG-Parse
NUF2	0.400177	0.0	503	STATE_ST-HVG-Parse
NIP7	0.197687	0.0	279	STATE_ST-HVG-Parse
BUB3	0.131943	3.2e-09	409	STATE_ST-HVG-Parse
CDK9	0.071827	0.0013074377	140	STATE_ST-HVG-Parse
SAMM50	0.136062	1e-09	102	STATE_ST-HVG-Parse
SRBD1	0.319724	0.0	150	STATE_ST-HVG-Parse
CBLN1	0.051564	0.0211042427	214	STATE_ST-HVG-Parse
MFAP1	0.263778	0.0	197	STATE_ST-HVG-Parse
ALG2	-0.011704	0.6008879542	247	STATE_ST-HVG-Parse
PSMC2	0.191598	0.0	432	STATE_ST-HVG-Parse
CSE1L	0.187828	0.0	432	STATE_ST-HVG-Parse
FOLR3	0.020114	0.3686280549	304	STATE_ST-HVG-Parse
USF2	0.005861	0.7933500409	185	STATE_ST-HVG-Parse
ACTR2	0.020619	0.3567201793	236	STATE_ST-HVG-Parse
RNF14	-0.068246	0.0022604899	240	STATE_ST-HVG-Parse
RPS24	0.333928	0.0	243	STATE_ST-HVG-Parse
RPS19	0.347869	0.0	422	STATE_ST-HVG-Parse
ARGLU1	-0.067947	0.002363527	498	STATE_ST-HVG-Parse
GTF2H4	0.104497	2.8252e-06	115	STATE_ST-HVG-Parse
NPEPPS	0.01149	0.6075748801	153	STATE_ST-HVG-Parse
GTF2E2	0.172657	0.0	70	STATE_ST-HVG-Parse
TRNT1	0.013851	0.5358530879	203	STATE_ST-HVG-Parse
NUMA1	0.174813	0.0	284	STATE_ST-HVG-Parse
PDCD6IP	-0.148284	0.0	257	STATE_ST-HVG-Parse
TARDBP	0.000845	0.9698546529	169	STATE_ST-HVG-Parse
CPNE7	0.088456	7.45875e-05	101	STATE_ST-HVG-Parse
DYNLRB1	0.238811	0.0	282	STATE_ST-HVG-Parse
KRR1	0.317819	0.0	449	STATE_ST-HVG-Parse
THOC6	0.11083	6.742e-07	116	STATE_ST-HVG-Parse
INTS8	0.153875	0.0	323	STATE_ST-HVG-Parse
DYNC1I2	0.345793	0.0	300	STATE_ST-HVG-Parse
HSPA5	0.194979	0.0	438	STATE_ST-HVG-Parse
PSME2	-0.040385	0.0709675103	151	STATE_ST-HVG-Parse
MCM4	0.080678	0.0003042535	87	STATE_ST-HVG-Parse
UBE2D3	-0.017929	0.4229233563	142	STATE_ST-HVG-Parse
PSMD11	0.167127	0.0	80	STATE_ST-HVG-Parse
SRP72	0.045556	0.041640833	224	STATE_ST-HVG-Parse
MRPL55	-0.008395	0.7074995041	170	STATE_ST-HVG-Parse
AHCY	0.027071	0.2262320369	147	STATE_ST-HVG-Parse
OLFML3	0.048128	0.0313762836	173	STATE_ST-HVG-Parse
CRNKL1	0.276812	0.0	261	STATE_ST-HVG-Parse
NELFCD	0.154346	0.0	201	STATE_ST-HVG-Parse
HCRTR1	-0.0778	0.0004969297	116	STATE_ST-HVG-Parse
PSMB7	0.173155	0.0	404	STATE_ST-HVG-Parse
SRSF11	-0.028204	0.2073816806	437	STATE_ST-HVG-Parse
TSR2	0.318296	0.0	523	STATE_ST-HVG-Parse
DNMT1	-0.044152	0.0483532399	170	STATE_ST-HVG-Parse
PDCD11	0.305985	0.0	98	STATE_ST-HVG-Parse
PSMD8	0.045768	0.0406988487	22	STATE_ST-HVG-Parse
NCBP2	0.194544	0.0	992	STATE_ST-HVG-Parse
C7orf26	0.15799	0.0	86	STATE_ST-HVG-Parse
ZNF131	0.030617	0.1710968316	23	STATE_ST-HVG-Parse
CDC20	0.250706	0.0	115	STATE_ST-HVG-Parse
BUD13	0.161415	0.0	174	STATE_ST-HVG-Parse
DYNLL1	0.108268	1.2153e-06	71	STATE_ST-HVG-Parse
CLASRP	0.019926	0.3731271625	127	STATE_ST-HVG-Parse
RRP15	0.12095	5.78e-08	32	STATE_ST-HVG-Parse
SNRPD3	0.265715	0.0	182	STATE_ST-HVG-Parse
COG2	0.015816	0.4796133935	343	STATE_ST-HVG-Parse
PC	0.071175	0.0014470541	225	STATE_ST-HVG-Parse
SFPQ	0.171416	0.0	303	STATE_ST-HVG-Parse
SDE2	0.087499	8.92388e-05	151	STATE_ST-HVG-Parse
MRPL18	-0.017406	0.4365645051	180	STATE_ST-HVG-Parse
CDK11A	-0.102584	4.2871e-06	269	STATE_ST-HVG-Parse
VHL	-0.003619	0.8715116978	162	STATE_ST-HVG-Parse
RPL34	0.289733	0.0	330	STATE_ST-HVG-Parse
TRAPPC3	-0.00809	0.717656672	163	STATE_ST-HVG-Parse
SLC16A5	0.109025	1.0223e-06	179	STATE_ST-HVG-Parse
RPS3	0.328779	0.0	276	STATE_ST-HVG-Parse
NAA15	0.172896	0.0	128	STATE_ST-HVG-Parse
TTC1	-0.041006	0.0667315125	69	STATE_ST-HVG-Parse
DONSON	0.124119	2.56e-08	745	STATE_ST-HVG-Parse
KANSL3	-0.147562	0.0	187	STATE_ST-HVG-Parse
KRT10	-0.000757	0.9730026722	182	STATE_ST-HVG-Parse
DNM1L	0.084733	0.0001483409	168	STATE_ST-HVG-Parse
PTPN23	-0.121608	4.89e-08	140	STATE_ST-HVG-Parse
ARPC3	-0.01528	0.4946215451	141	STATE_ST-HVG-Parse
WDR33	0.168448	0.0	103	STATE_ST-HVG-Parse
ANAPC4	0.189653	0.0	63	STATE_ST-HVG-Parse
SPCS2	0.011202	0.6166182756	122	STATE_ST-HVG-Parse
ATP6V1H	0.15146	0.0	84	STATE_ST-HVG-Parse
COG1	-0.026706	0.2325627357	40	STATE_ST-HVG-Parse
NANOG	-0.07411	0.0009105944	125	STATE_ST-HVG-Parse
DSN1	0.36874	0.0	245	STATE_ST-HVG-Parse
PSMB4	0.0355	0.1124822572	101	STATE_ST-HVG-Parse
EGLN2	0.02153	0.3358598053	362	STATE_ST-HVG-Parse
PPWD1	0.259678	0.0	24	STATE_ST-HVG-Parse
RPLP2	0.112377	4.693e-07	222	STATE_ST-HVG-Parse
GTF3C5	0.119446	8.43e-08	166	STATE_ST-HVG-Parse
RARS2	0.073709	0.000971066	148	STATE_ST-HVG-Parse
COPS3	0.019402	0.3858104348	73	STATE_ST-HVG-Parse
PPIE	0.136135	1e-09	46	STATE_ST-HVG-Parse
UQCRQ	0.068512	0.0021721597	166	STATE_ST-HVG-Parse
RPF1	0.192158	0.0	125	STATE_ST-HVG-Parse
GEMIN7	0.056454	0.0115651125	136	STATE_ST-HVG-Parse
LSM5	0.137542	7e-10	202	STATE_ST-HVG-Parse
ZBTB17	-0.008155	0.7155113816	160	STATE_ST-HVG-Parse
PPP1R12A	-0.050472	0.0239949413	179	STATE_ST-HVG-Parse
DPH2	0.078627	0.0004322764	164	STATE_ST-HVG-Parse
POLR2G	0.295011	0.0	155	STATE_ST-HVG-Parse
RPS29	0.317094	0.0	403	STATE_ST-HVG-Parse
TCOF1	0.203248	0.0	97	STATE_ST-HVG-Parse
DDX19A	0.016265	0.4672399461	103	STATE_ST-HVG-Parse
LSM12	0.016863	0.4510186315	63	STATE_ST-HVG-Parse
C19orf53	-0.018488	0.4086094797	169	STATE_ST-HVG-Parse
TUBA1B	0.188676	0.0	74	STATE_ST-HVG-Parse
USP39	0.124183	2.52e-08	220	STATE_ST-HVG-Parse
TAF10	0.175384	0.0	39	STATE_ST-HVG-Parse
HUS1	-0.106567	1.7842e-06	201	STATE_ST-HVG-Parse
GARS	0.049391	0.0271895826	256	STATE_ST-HVG-Parse
CNOT1	0.289326	0.0	269	STATE_ST-HVG-Parse
CHD4	-0.007669	0.7317929268	44	STATE_ST-HVG-Parse
TUBGCP6	-0.008068	0.7183974981	153	STATE_ST-HVG-Parse
ZNF506	0.017748	0.4276204109	177	STATE_ST-HVG-Parse
KIAA1143	0.067579	0.0024962649	198	STATE_ST-HVG-Parse
XPO1	0.207264	0.0	207	STATE_ST-HVG-Parse
SART1	0.231967	0.0	306	STATE_ST-HVG-Parse
SLC4A5	-0.034364	0.1244629249	226	STATE_ST-HVG-Parse
VCP	0.104267	2.9712e-06	239	STATE_ST-HVG-Parse
RPS10	0.313552	0.0	106	STATE_ST-HVG-Parse
MRPS23	-0.00668	0.7652952671	119	STATE_ST-HVG-Parse
SGPP1	-0.036543	0.1023045331	159	STATE_ST-HVG-Parse
NUP54	0.137605	6e-10	291	STATE_ST-HVG-Parse
POLR2B	0.297241	0.0	320	STATE_ST-HVG-Parse
ANAPC2	0.143812	1e-10	237	STATE_ST-HVG-Parse
SMARCE1	-0.020356	0.3628908396	31	STATE_ST-HVG-Parse
ERCC2	0.128829	7.4e-09	117	STATE_ST-HVG-Parse
TOMM22	0.119509	8.3e-08	104	STATE_ST-HVG-Parse
PRIM2	0.117497	1.367e-07	156	STATE_ST-HVG-Parse
PPP2CA	0.058635	0.0087196594	184	STATE_ST-HVG-Parse
CEP85	0.111214	6.164e-07	129	STATE_ST-HVG-Parse
NISCH	-0.05649	0.011512666	144	STATE_ST-HVG-Parse
SSRP1	0.237269	0.0	562	STATE_ST-HVG-Parse
PRIM1	0.119369	8.59e-08	181	STATE_ST-HVG-Parse
CWF19L2	0.153448	0.0	194	STATE_ST-HVG-Parse
SOD1	0.054483	0.0148156695	165	STATE_ST-HVG-Parse
MRPS9	0.00494	0.8252449036	76	STATE_ST-HVG-Parse
NDUFB4	-0.004101	0.8545620441	166	STATE_ST-HVG-Parse
YPEL1	-0.025099	0.2618864775	72	STATE_ST-HVG-Parse
SON	0.243527	0.0	515	STATE_ST-HVG-Parse
SEH1L	0.126979	1.21e-08	60	STATE_ST-HVG-Parse
BGLAP	0.296883	0.0	236	STATE_ST-HVG-Parse
RNF123	-0.081737	0.0002529527	111	STATE_ST-HVG-Parse
TCERG1	0.024601	0.271472156	105	STATE_ST-HVG-Parse
PSMD7	0.202238	0.0	373	STATE_ST-HVG-Parse
ELP2	-0.056336	0.0117411735	189	STATE_ST-HVG-Parse
UTP15	0.26575	0.0	152	STATE_ST-HVG-Parse
MCM2	0.064982	0.0036451421	123	STATE_ST-HVG-Parse
DDX23	0.14806	0.0	159	STATE_ST-HVG-Parse
SUGT1	-0.050624	0.0235747527	107	STATE_ST-HVG-Parse
PAXBP1	0.094331	2.38541e-05	129	STATE_ST-HVG-Parse
METTL1	2e-06	0.9999277592	208	STATE_ST-HVG-Parse
BDP1	0.230139	0.0	331	STATE_ST-HVG-Parse
CENPE	0.197084	0.0	177	STATE_ST-HVG-Parse
MZT1	0.034039	0.128070429	455	STATE_ST-HVG-Parse
LSM7	0.147936	0.0	140	STATE_ST-HVG-Parse
NRDE2	0.113232	3.833e-07	504	STATE_ST-HVG-Parse
ABHD11	-0.005884	0.7925614715	49	STATE_ST-HVG-Parse
GUCD1	0.23294	0.0	279	STATE_ST-HVG-Parse
PYROXD1	-0.02663	0.2338961512	100	STATE_ST-HVG-Parse
NFRKB	0.126424	1.4e-08	228	STATE_ST-HVG-Parse
COPA	0.19302	0.0	243	STATE_ST-HVG-Parse
SRPRB	0.081845	0.0002482483	164	STATE_ST-HVG-Parse
RPS14	0.30359	0.0	181	STATE_ST-HVG-Parse
RPL17	0.280921	0.0	149	STATE_ST-HVG-Parse
FIP1L1	0.125341	1.86e-08	21	STATE_ST-HVG-Parse
SETD2	-0.022559	0.3132697642	109	STATE_ST-HVG-Parse
RFT1	0.061554	0.0058928826	121	STATE_ST-HVG-Parse
LSM6	0.193243	0.0	461	STATE_ST-HVG-Parse
SLC25A10	0.087019	9.75659e-05	303	STATE_ST-HVG-Parse
RTCB	-0.003762	0.8664667606	171	STATE_ST-HVG-Parse
CS	-0.040494	0.0702104941	222	STATE_ST-HVG-Parse
WDR25	0.027565	0.2178714573	159	STATE_ST-HVG-Parse
RPS11	0.329221	0.0	268	STATE_ST-HVG-Parse
RPL21	0.266241	0.0	262	STATE_ST-HVG-Parse
BTF3L4	0.006098	0.7852116823	141	STATE_ST-HVG-Parse
PHAX	0.148506	0.0	412	STATE_ST-HVG-Parse
UQCC2	0.052076	0.0198567472	101	STATE_ST-HVG-Parse
LSM2	0.197731	0.0	357	STATE_ST-HVG-Parse
ATP6V1A	0.066147	0.0030804803	96	STATE_ST-HVG-Parse
NXF1	0.033459	0.134698227	251	STATE_ST-HVG-Parse
SNRPG	0.254878	0.0	402	STATE_ST-HVG-Parse
EXOC1	-0.022481	0.3149582744	182	STATE_ST-HVG-Parse
RPS28	0.312749	0.0	309	STATE_ST-HVG-Parse
NUP214	-0.002741	0.9024915099	132	STATE_ST-HVG-Parse
PRPF6	0.228002	0.0	232	STATE_ST-HVG-Parse
NCOA4	0.009357	0.6758095026	134	STATE_ST-HVG-Parse
CNN2	-0.105654	2.1874e-06	197	STATE_ST-HVG-Parse
DPH1	-0.014085	0.5290024281	335	STATE_ST-HVG-Parse
BPTF	0.073723	0.0009688847	56	STATE_ST-HVG-Parse
MZF1	0.015846	0.4787825346	128	STATE_ST-HVG-Parse
TMEM240	-0.115961	1.99e-07	176	STATE_ST-HVG-Parse
STAT5A	0.09124	4.38196e-05	204	STATE_ST-HVG-Parse
FOXL2	-0.008784	0.6946054101	164	STATE_ST-HVG-Parse
MKRN1	0.007438	0.7395713925	160	STATE_ST-HVG-Parse
MRPL38	0.021323	0.3405426741	155	STATE_ST-HVG-Parse
UBE2N	0.023228	0.2991344929	174	STATE_ST-HVG-Parse
AAAS	0.030537	0.1722200066	212	STATE_ST-HVG-Parse
HIST1H2AB	-0.013932	0.5334898829	97	STATE_ST-HVG-Parse
ZNHIT2	0.106089	1.9853e-06	96	STATE_ST-HVG-Parse
STARD7	0.0555	0.0130499285	117	STATE_ST-HVG-Parse
NBPF12	-0.093523	2.80156e-05	150	STATE_ST-HVG-Parse
IARS2	0.161483	0.0	216	STATE_ST-HVG-Parse
MED7	0.278348	0.0	272	STATE_ST-HVG-Parse
TUBGCP5	0.019911	0.3734876513	72	STATE_ST-HVG-Parse
UBE2H	0.041864	0.0612265095	194	STATE_ST-HVG-Parse
LRRC37A3	-0.096769	1.45693e-05	114	STATE_ST-HVG-Parse
CDK1	0.198975	0.0	347	STATE_ST-HVG-Parse
ZNF763	0.011366	0.6114444137	148	STATE_ST-HVG-Parse
DNAJC9	-0.031618	0.1575177908	84	STATE_ST-HVG-Parse
GTF2H1	0.256554	0.0	434	STATE_ST-HVG-Parse
GAB2	0.094583	2.26807e-05	674	STATE_ST-HVG-Parse
MAGOH	0.109158	9.917e-07	242	STATE_ST-HVG-Parse
CHEK1	0.072933	0.0010986513	295	STATE_ST-HVG-Parse
RTTN	0.017668	0.4297062755	125	STATE_ST-HVG-Parse
KRTAP4-7	0.037708	0.091819115	168	STATE_ST-HVG-Parse
NSRP1	0.254868	0.0	237	STATE_ST-HVG-Parse
DNTTIP2	0.33789	0.0	264	STATE_ST-HVG-Parse
RPP40	0.255813	0.0	78	STATE_ST-HVG-Parse
RAB6A	0.077585	0.0005150714	59	STATE_ST-HVG-Parse
OR4F4	0.042104	0.0597566739	66	STATE_ST-HVG-Parse
COX5B	0.027237	0.2234018892	118	STATE_ST-HVG-Parse
EIF2B2	0.188078	0.0	319	STATE_ST-HVG-Parse
COPS4	0.020045	0.3702596426	262	STATE_ST-HVG-Parse
GCOM1	-0.049165	0.0279002208	62	STATE_ST-HVG-Parse
INTS9	0.186811	0.0	229	STATE_ST-HVG-Parse
BCR	0.148263	0.0	561	STATE_ST-HVG-Parse
NOL11	0.259751	0.0	271	STATE_ST-HVG-Parse
EIF3H	0.09795	1.14251e-05	369	STATE_ST-HVG-Parse
U2AF1	0.163177	0.0	141	STATE_ST-HVG-Parse
DDX11	-0.033884	0.1298145354	128	STATE_ST-HVG-Parse
MYCBP	0.018013	0.4207522273	208	STATE_ST-HVG-Parse
NOL6	0.296703	0.0	114	STATE_ST-HVG-Parse
PRPF4	0.260885	0.0	117	STATE_ST-HVG-Parse
SF3A2	0.133804	1.9e-09	321	STATE_ST-HVG-Parse
TXN	0.114211	3.035e-07	94	STATE_ST-HVG-Parse
CSNK1A1	0.081106	0.0002824644	172	STATE_ST-HVG-Parse
COPG1	-0.051054	0.0224147066	261	STATE_ST-HVG-Parse
PPP2R1A	0.057608	0.0099710245	455	STATE_ST-HVG-Parse
DDX6	0.203068	0.0	76	STATE_ST-HVG-Parse
DDX47	0.329652	0.0	313	STATE_ST-HVG-Parse
MRPL10	0.029638	0.1851988882	102	STATE_ST-HVG-Parse
ORC5	-0.012144	0.5872808695	89	STATE_ST-HVG-Parse
CLP1	0.089728	5.86027e-05	55	STATE_ST-HVG-Parse
CDIPT	0.010874	0.6269587278	247	STATE_ST-HVG-Parse
FBL	0.302193	0.0	132	STATE_ST-HVG-Parse
ZNF468	-0.085655	0.0001254332	207	STATE_ST-HVG-Parse
CDC27	0.227427	0.0	366	STATE_ST-HVG-Parse
HNRNPR	-0.027355	0.2213915884	149	STATE_ST-HVG-Parse
DHFR	-0.056168	0.0119936457	125	STATE_ST-HVG-Parse
MCM7	0.0845	0.0001547198	160	STATE_ST-HVG-Parse
DDX49	0.14871	0.0	45	STATE_ST-HVG-Parse
KRTAP4-2	0.015817	0.4795935154	132	STATE_ST-HVG-Parse
HIST1H2BM	0.053778	0.0161600504	156	STATE_ST-HVG-Parse
SMN2	0.180332	0.0	319	STATE_ST-HVG-Parse
MOG	-0.006992	0.7546449304	124	STATE_ST-HVG-Parse
ACTR1B	-0.102786	4.1041e-06	206	STATE_ST-HVG-Parse
CCND1	0.041675	0.0624074526	146	STATE_ST-HVG-Parse
WDR61	0.008665	0.698541522	108	STATE_ST-HVG-Parse
MRPL1	-0.032177	0.1503005326	165	STATE_ST-HVG-Parse
ANKRD11	-0.20739	0.0	260	STATE_ST-HVG-Parse
UQCRC1	0.021637	0.3334620595	316	STATE_ST-HVG-Parse
CENPN	0.012761	0.5684293509	147	STATE_ST-HVG-Parse
RAD17	-0.024454	0.2743494213	129	STATE_ST-HVG-Parse
YPEL5	0.106138	1.9639e-06	76	STATE_ST-HVG-Parse
DHODH	0.132893	2.4e-09	223	STATE_ST-HVG-Parse
CCDC86	0.200306	0.0	253	STATE_ST-HVG-Parse
LIMS1	-0.115739	2.1e-07	287	STATE_ST-HVG-Parse
NACA	0.283679	0.0	354	STATE_ST-HVG-Parse
SRP9	0.053107	0.0175379701	168	STATE_ST-HVG-Parse
TSEN34	0.04225	0.058870744	275	STATE_ST-HVG-Parse
RPS21	0.248559	0.0	75	STATE_ST-HVG-Parse
PSMC6	0.197602	0.0	151	STATE_ST-HVG-Parse
MRPL51	-0.047758	0.0327037647	111	STATE_ST-HVG-Parse
CAMLG	0.070126	0.0017009352	99	STATE_ST-HVG-Parse
ICE1	0.154101	0.0	429	STATE_ST-HVG-Parse
POLE	0.187721	0.0	168	STATE_ST-HVG-Parse
NKAP	0.152831	0.0	123	STATE_ST-HVG-Parse
RPA3	0.173746	0.0	208	STATE_ST-HVG-Parse
MAD2L1	0.018698	0.4033079743	154	STATE_ST-HVG-Parse
RBM14	0.08366	0.0001799427	228	STATE_ST-HVG-Parse
NHLRC2	0.045489	0.0419389941	91	STATE_ST-HVG-Parse
OR7A10	-0.086163	0.0001142688	38	STATE_ST-HVG-Parse
EXOSC9	0.251077	0.0	40	STATE_ST-HVG-Parse
ENO1	0.083678	0.00017936	70	STATE_ST-HVG-Parse
TSG101	0.168022	0.0	87	STATE_ST-HVG-Parse
THAP1	0.056544	0.0114337811	110	STATE_ST-HVG-Parse
TRMT10C	-0.089661	5.93618e-05	88	STATE_ST-HVG-Parse
EIF2B5	0.183295	0.0	461	STATE_ST-HVG-Parse
GET1	0.079704	0.000359838	73	STATE_ST-HVG-Parse
LTV1	0.305969	0.0	318	STATE_ST-HVG-Parse
RHPN1	0.007922	0.7232871056	225	STATE_ST-HVG-Parse
YRDC	-0.022119	0.3228195906	106	STATE_ST-HVG-Parse
JMJD6	0.084185	0.0001637814	193	STATE_ST-HVG-Parse
DDN	-0.062077	0.0054843235	249	STATE_ST-HVG-Parse
CENPT	0.055706	0.0127153955	65	STATE_ST-HVG-Parse
VPS29	0.053287	0.0171590187	165	STATE_ST-HVG-Parse
CDK2	0.031566	0.1582019776	105	STATE_ST-HVG-Parse
BCL2L1	0.006854	0.7593538761	173	STATE_ST-HVG-Parse
TACC3	0.117387	1.405e-07	132	STATE_ST-HVG-Parse
PKMYT1	-0.007616	0.7335655093	92	STATE_ST-HVG-Parse
KPNB1	0.300551	0.0	366	STATE_ST-HVG-Parse
SDAD1	0.216156	0.0	240	STATE_ST-HVG-Parse
DDX55	0.108183	1.2391e-06	163	STATE_ST-HVG-Parse
RPL7	0.274853	0.0	301	STATE_ST-HVG-Parse
SARS2	0.001991	0.9290929437	163	STATE_ST-HVG-Parse
FNTA	0.109877	8.406e-07	80	STATE_ST-HVG-Parse
SF3A1	0.166496	0.0	332	STATE_ST-HVG-Parse
CWC15	0.154163	0.0	184	STATE_ST-HVG-Parse
TKT	0.019004	0.3956542015	202	STATE_ST-HVG-Parse
RAB4A	0.027727	0.2151779532	303	STATE_ST-HVG-Parse
TBCA	-0.00281	0.9000532627	179	STATE_ST-HVG-Parse
NFATC2IP	0.012175	0.5863345265	118	STATE_ST-HVG-Parse
UFL1	-0.02519	0.2601542771	162	STATE_ST-HVG-Parse
CENPA	-0.02388	0.2857797444	76	STATE_ST-HVG-Parse
ABCE1	0.293186	0.0	249	STATE_ST-HVG-Parse
PRC1	0.022352	0.317733258	187	STATE_ST-HVG-Parse
CHMP6	0.114564	2.789e-07	624	STATE_ST-HVG-Parse
PPP1R8	-0.053155	0.0174380075	69	STATE_ST-HVG-Parse
MRPL16	-0.026112	0.2431191206	85	STATE_ST-HVG-Parse
RBX1	0.1319	3.2e-09	57	STATE_ST-HVG-Parse
SARNP	-0.036665	0.1011669561	93	STATE_ST-HVG-Parse
BRIX1	0.251103	0.0	132	STATE_ST-HVG-Parse
MRPL39	-0.036129	0.1062508449	154	STATE_ST-HVG-Parse
POLR1B	0.260408	0.0	181	STATE_ST-HVG-Parse
SRSF2	0.033498	0.1342443228	69	STATE_ST-HVG-Parse
MPHOSPH10	0.285192	0.0	43	STATE_ST-HVG-Parse
ALDOA	0.150344	0.0	78	STATE_ST-HVG-Parse
HIST1H2AE	-0.006193	0.7819367051	123	STATE_ST-HVG-Parse
MED19	0.262317	0.0	544	STATE_ST-HVG-Parse
DHDDS	0.096234	1.62495e-05	96	STATE_ST-HVG-Parse
EARS2	0.018861	0.3992062509	192	STATE_ST-HVG-Parse
NAA35	-0.029347	0.1895566136	193	STATE_ST-HVG-Parse
SMG6	-0.013009	0.5609375238	54	STATE_ST-HVG-Parse
C1QTNF4	0.009041	0.6861623526	199	STATE_ST-HVG-Parse
TRAIP	-0.030526	0.172370851	87	STATE_ST-HVG-Parse
MED6	0.278228	0.0	246	STATE_ST-HVG-Parse
MAX	0.108417	1.1748e-06	180	STATE_ST-HVG-Parse
DIS3	0.225221	0.0	43	STATE_ST-HVG-Parse
PTCD1	-0.059525	0.0077508092	267	STATE_ST-HVG-Parse
TREX2	0.291934	0.0	275	STATE_ST-HVG-Parse
TEAD3	-0.061664	0.0058050742	267	STATE_ST-HVG-Parse
HIRA	-0.013119	0.5576426983	341	STATE_ST-HVG-Parse
CSH2	0.065032	0.0036191281	179	STATE_ST-HVG-Parse
CHMP7	-0.015343	0.4928587675	240	STATE_ST-HVG-Parse
POP4	0.201062	0.0	128	STATE_ST-HVG-Parse
SDHC	0.073318	0.0010335678	104	STATE_ST-HVG-Parse
SSU72	0.130861	4.3e-09	85	STATE_ST-HVG-Parse
DDX19B	-0.033676	0.1321855038	285	STATE_ST-HVG-Parse
HARS	0.194804	0.0	289	STATE_ST-HVG-Parse
RPL24	0.240902	0.0	460	STATE_ST-HVG-Parse
COPB2	0.213446	0.0	129	STATE_ST-HVG-Parse
CCDC144A	-0.013256	0.5535258651	117	STATE_ST-HVG-Parse
DR1	-0.121736	4.73e-08	126	STATE_ST-HVG-Parse
COX11	0.070932	0.0015026517	109	STATE_ST-HVG-Parse
NBPF3	0.099653	8.0084e-06	133	STATE_ST-HVG-Parse
POLD3	0.05393	0.0158630572	68	STATE_ST-HVG-Parse
POLR2D	0.289468	0.0	281	STATE_ST-HVG-Parse
SRSF1	0.175413	0.0	159	STATE_ST-HVG-Parse
C16orf86	0.010201	0.6484492421	184	STATE_ST-HVG-Parse
DYNC1H1	0.337088	0.0	291	STATE_ST-HVG-Parse
ZNF284	0.011688	0.6014034152	218	STATE_ST-HVG-Parse
GET3	0.03342	0.1351575106	121	STATE_ST-HVG-Parse
CENPI	0.100768	6.3274e-06	42	STATE_ST-HVG-Parse
EIF4G2	0.10117	5.8073e-06	342	STATE_ST-HVG-Parse
ARCN1	0.21827	0.0	333	STATE_ST-HVG-Parse
NOS1AP	-0.052552	0.01875652	54	STATE_ST-HVG-Parse
NASP	0.029608	0.1856467128	184	STATE_ST-HVG-Parse
ZBTB11	0.061557	0.0058906707	146	STATE_ST-HVG-Parse
FBLIM1	-0.000606	0.9784074426	133	STATE_ST-HVG-Parse
SDHAF2	0.028388	0.2044402212	126	STATE_ST-HVG-Parse
XRCC2	0.025583	0.2528024018	157	STATE_ST-HVG-Parse
POLR3B	0.190485	0.0	113	STATE_ST-HVG-Parse
MYBL2	0.218673	0.0	106	STATE_ST-HVG-Parse
ZNF574	0.061124	0.0062494036	314	STATE_ST-HVG-Parse
RARS	0.158183	0.0	404	STATE_ST-HVG-Parse
EIF2S2	0.111897	5.253e-07	120	STATE_ST-HVG-Parse
RABGGTB	0.010389	0.6424144506	169	STATE_ST-HVG-Parse
FAM72D	0.051932	0.0202003662	120	STATE_ST-HVG-Parse
TAMM41	-0.000642	0.9771028757	120	STATE_ST-HVG-Parse
ZNF674	0.025895	0.247062549	126	STATE_ST-HVG-Parse
CCT6A	0.127499	1.05e-08	131	STATE_ST-HVG-Parse
TARS	0.114398	2.902e-07	132	STATE_ST-HVG-Parse
PARN	0.05043	0.0241135489	123	STATE_ST-HVG-Parse
SETD1A	0.187005	0.0	69	STATE_ST-HVG-Parse
THOC2	0.177191	0.0	190	STATE_ST-HVG-Parse
ZNF133	-0.021063	0.3464506269	102	STATE_ST-HVG-Parse
HNRNPC	0.092433	3.47259e-05	334	STATE_ST-HVG-Parse
DRAP1	-0.04909	0.0281415228	227	STATE_ST-HVG-Parse
YEATS4	-0.135802	1.1e-09	231	STATE_ST-HVG-Parse
DCTN3	-0.025804	0.2487293631	201	STATE_ST-HVG-Parse
RRP9	0.199775	0.0	110	STATE_ST-HVG-Parse
EXOSC8	0.23209	0.0	126	STATE_ST-HVG-Parse
METTL17	0.030917	0.1669320762	122	STATE_ST-HVG-Parse
SLC39A10	0.030369	0.1745878011	153	STATE_ST-HVG-Parse
TBCB	0.075702	0.0007034397	102	STATE_ST-HVG-Parse
MRPL53	-0.010828	0.6284328103	153	STATE_ST-HVG-Parse
COX15	0.079393	0.0003795067	103	STATE_ST-HVG-Parse
DNAJC19	0.190611	0.0	398	STATE_ST-HVG-Parse
WAC	0.092841	3.20549e-05	162	STATE_ST-HVG-Parse
LARS2	0.023925	0.28487131	149	STATE_ST-HVG-Parse
RPS7	0.345424	0.0	265	STATE_ST-HVG-Parse
SPATA5	0.008741	0.6960268021	70	STATE_ST-HVG-Parse
CYP4F11	-0.184825	0.0	120	STATE_ST-HVG-Parse
DNAJC8	0.044312	0.047545176	277	STATE_ST-HVG-Parse
PMF1	0.295296	0.0	265	STATE_ST-HVG-Parse
QARS	0.194904	0.0	400	STATE_ST-HVG-Parse
MED17	0.289264	0.0	151	STATE_ST-HVG-Parse
GAR1	0.158972	0.0	146	STATE_ST-HVG-Parse
NAGLU	-0.028495	0.2027360648	265	STATE_ST-HVG-Parse
KCMF1	-0.04642	0.0379137769	154	STATE_ST-HVG-Parse
KRT8	-0.045188	0.0433191881	347	STATE_ST-HVG-Parse
WBP11	0.189132	0.0	312	STATE_ST-HVG-Parse
MCM10	0.142497	2e-10	219	STATE_ST-HVG-Parse
CTDP1	0.188502	0.0	117	STATE_ST-HVG-Parse
PSMD1	0.06084	0.0064955386	281	STATE_ST-HVG-Parse
PLRG1	0.2735	0.0	94	STATE_ST-HVG-Parse
ACIN1	0.070908	0.0015082266	191	STATE_ST-HVG-Parse
GBF1	0.170771	0.0	161	STATE_ST-HVG-Parse
MED20	0.219045	0.0	80	STATE_ST-HVG-Parse
GNPNAT1	0.007578	0.7348416448	112	STATE_ST-HVG-Parse
LST1	-0.092202	3.63333e-05	149	STATE_ST-HVG-Parse
CHAF1B	0.025093	0.2620134354	84	STATE_ST-HVG-Parse
DERL2	0.201223	0.0	124	STATE_ST-HVG-Parse
OR4N2	-0.043143	0.0537195541	118	STATE_ST-HVG-Parse
KLHL11	-0.072657	0.0011476519	125	STATE_ST-HVG-Parse
HAUS3	0.051202	0.0220264085	164	STATE_ST-HVG-Parse
PTCD3	0.042179	0.0593008325	65	STATE_ST-HVG-Parse
RAD9A	-0.007419	0.7402151227	41	STATE_ST-HVG-Parse
C9orf78	-0.012299	0.5825198889	201	STATE_ST-HVG-Parse
RPL19	0.262941	0.0	238	STATE_ST-HVG-Parse
VPS54	0.126483	1.38e-08	321	STATE_ST-HVG-Parse
WDR12	0.207279	0.0	213	STATE_ST-HVG-Parse
HMGN2	0.022071	0.3238640726	107	STATE_ST-HVG-Parse
NOP2	0.249989	0.0	58	STATE_ST-HVG-Parse
NCBP1	0.165427	0.0	60	STATE_ST-HVG-Parse
NAT10	0.223236	0.0	30	STATE_ST-HVG-Parse
DMRTA2	-0.057941	0.009548747	107	STATE_ST-HVG-Parse
MED21	0.278416	0.0	63	STATE_ST-HVG-Parse
HSF1	-0.053219	0.0173021574	131	STATE_ST-HVG-Parse
DDX51	0.225965	0.0	128	STATE_ST-HVG-Parse
LRR1	0.010796	0.6294201612	122	STATE_ST-HVG-Parse
OXA1L	0.092233	3.6117e-05	344	STATE_ST-HVG-Parse
PPP1R2	-0.058077	0.0093804952	80	STATE_ST-HVG-Parse
CCDC59	0.23074	0.0	125	STATE_ST-HVG-Parse
COG3	0.096301	1.60277e-05	56	STATE_ST-HVG-Parse
NIFK	0.253239	0.0	240	STATE_ST-HVG-Parse
METTL3	0.033211	0.1376147121	138	STATE_ST-HVG-Parse
PSMB5	0.170601	0.0	270	STATE_ST-HVG-Parse
BANF1	0.027962	0.2113142014	162	STATE_ST-HVG-Parse
CD8B	-0.034372	0.1243727505	112	STATE_ST-HVG-Parse
PELO	0.104871	2.6017e-06	286	STATE_ST-HVG-Parse
HAUS4	0.223499	0.0	189	STATE_ST-HVG-Parse
FRG2	0.005701	0.7988759875	51	STATE_ST-HVG-Parse
SART3	0.086194	0.0001136343	154	STATE_ST-HVG-Parse
MVK	0.004459	0.8420359492	136	STATE_ST-HVG-Parse
GLI4	0.03148	0.1593367755	156	STATE_ST-HVG-Parse
EXOSC7	0.110469	7.331e-07	113	STATE_ST-HVG-Parse
ING3	0.004675	0.8344835043	65	STATE_ST-HVG-Parse
BCAR1	-0.053062	0.0176348649	246	STATE_ST-HVG-Parse
WDR54	-0.052716	0.0183884092	208	STATE_ST-HVG-Parse
CUL2	0.133349	2.1e-09	94	STATE_ST-HVG-Parse
RPL32	0.275523	0.0	208	STATE_ST-HVG-Parse
PRELID3B	0.169111	0.0	273	STATE_ST-HVG-Parse
NCAPG	0.020277	0.364757508	79	STATE_ST-HVG-Parse
RUVBL1	0.303474	0.0	211	STATE_ST-HVG-Parse
KIF14	0.070516	0.0016019908	118	STATE_ST-HVG-Parse
TEX10	0.15724	0.0	162	STATE_ST-HVG-Parse
GTF2E1	0.183965	0.0	181	STATE_ST-HVG-Parse
CHTF18	-0.109705	8.745e-07	97	STATE_ST-HVG-Parse
RPL30	0.255619	0.0	365	STATE_ST-HVG-Parse
RCL1	0.290075	0.0	106	STATE_ST-HVG-Parse
RBBP8	0.009509	0.6708344817	117	STATE_ST-HVG-Parse
MAT2A	0.071401	0.0013971841	52	STATE_ST-HVG-Parse
SPTSSA	-0.010714	0.6320524812	124	STATE_ST-HVG-Parse
YKT6	0.071128	0.0014576804	63	STATE_ST-HVG-Parse
LRPPRC	0.209189	0.0	110	STATE_ST-HVG-Parse
DDX54	0.193597	0.0	95	STATE_ST-HVG-Parse
CASP8AP2	-3.5e-05	0.9987629652	211	STATE_ST-HVG-Parse
KIF4A	0.010977	0.6237059236	129	STATE_ST-HVG-Parse
TIMELESS	0.097527	1.24687e-05	64	STATE_ST-HVG-Parse
E4F1	0.010395	0.6422198415	134	STATE_ST-HVG-Parse
DCTN2	0.059617	0.0076563428	126	STATE_ST-HVG-Parse
MRPL35	0.021083	0.3459894657	171	STATE_ST-HVG-Parse
ZNF24	-0.058122	0.0093257762	59	STATE_ST-HVG-Parse
USP9X	0.041943	0.0607393868	112	STATE_ST-HVG-Parse
RPS17	0.324493	0.0	223	STATE_ST-HVG-Parse
VPS25	0.052946	0.0178836733	84	STATE_ST-HVG-Parse
PSAT1	0.055961	0.0123120891	72	STATE_ST-HVG-Parse
RPL26L1	0.033284	0.1367576271	148	STATE_ST-HVG-Parse
CENPW	-0.020815	0.3521723449	72	STATE_ST-HVG-Parse
RPL36	0.274624	0.0	204	STATE_ST-HVG-Parse
GTF3C6	0.006823	0.7604127526	243	STATE_ST-HVG-Parse
SF3B5	0.228341	0.0	84	STATE_ST-HVG-Parse
RBMX2	0.208128	0.0	244	STATE_ST-HVG-Parse
EIF3D	0.158259	0.0	186	STATE_ST-HVG-Parse
CCT4	0.169512	0.0	251	STATE_ST-HVG-Parse
EIF3I	0.206266	0.0	61	STATE_ST-HVG-Parse
RNPS1	0.100563	6.6086e-06	131	STATE_ST-HVG-Parse
PPIL2	-0.080533	0.0003119965	130	STATE_ST-HVG-Parse
CDC16	0.209056	0.0	165	STATE_ST-HVG-Parse
PHB2	0.241417	0.0	415	STATE_ST-HVG-Parse
CPAMD8	-0.103504	3.5107e-06	233	STATE_ST-HVG-Parse
OVCA2	-0.016368	0.4644046128	76	STATE_ST-HVG-Parse
DCTN6	0.07353	0.0009991362	64	STATE_ST-HVG-Parse
PDRG1	0.140472	3e-10	116	STATE_ST-HVG-Parse
GINS3	0.022425	0.3161559105	100	STATE_ST-HVG-Parse
RIOK1	0.29864	0.0	326	STATE_ST-HVG-Parse
XAB2	0.19609	0.0	153	STATE_ST-HVG-Parse
EBNA1BP2	0.20734	0.0	82	STATE_ST-HVG-Parse
DHX8	0.251067	0.0	115	STATE_ST-HVG-Parse
TBCD	0.016588	0.4584461451	28	STATE_ST-HVG-Parse
ETF1	0.168889	0.0	52	STATE_ST-HVG-Parse
RPL4	0.281876	0.0	345	STATE_ST-HVG-Parse
HS6ST1	-0.1012	5.7704e-06	172	STATE_ST-HVG-Parse
ORC1	0.175543	0.0	530	STATE_ST-HVG-Parse
EIF5A	0.154537	0.0	140	STATE_ST-HVG-Parse
SF3B2	0.240207	0.0	500	STATE_ST-HVG-Parse
TRMT112	0.260846	0.0	201	STATE_ST-HVG-Parse
RTEL1	0.068832	0.002070178	140	STATE_ST-HVG-Parse
UNC45A	0.142735	1e-10	178	STATE_ST-HVG-Parse
PLEKHN1	0.013622	0.5426315069	104	STATE_ST-HVG-Parse
INTS1	-0.070757	0.0015435813	211	STATE_ST-HVG-Parse
ZFP69B	0.043672	0.0508437343	151	STATE_ST-HVG-Parse
MED18	0.139582	4e-10	20	STATE_ST-HVG-Parse
MRPS22	0.00566	0.8002920151	165	STATE_ST-HVG-Parse
NMD3	0.132392	2.8e-09	64	STATE_ST-HVG-Parse
GINS2	0.095628	1.83742e-05	148	STATE_ST-HVG-Parse
ZNF317	0.093975	2.56099e-05	132	STATE_ST-HVG-Parse
AARS2	-0.034384	0.1242473722	181	STATE_ST-HVG-Parse
MOB4	0.035115	0.1164375097	118	STATE_ST-HVG-Parse
UXT	0.175281	0.0	215	STATE_ST-HVG-Parse
TTC4	-0.010884	0.6266414523	108	STATE_ST-HVG-Parse
USP37	-0.009658	0.6659977436	77	STATE_ST-HVG-Parse
ACTR8	0.110312	7.602e-07	252	STATE_ST-HVG-Parse
EXOSC2	0.269193	0.0	226	STATE_ST-HVG-Parse
EDC4	0.023329	0.2970382571	166	STATE_ST-HVG-Parse
PSMG1	0.030169	0.1774470657	109	STATE_ST-HVG-Parse
MRPS2	0.031929	0.1534672529	109	STATE_ST-HVG-Parse
ESPL1	0.191224	0.0	120	STATE_ST-HVG-Parse
CCDC78	-0.003937	0.8603262305	142	STATE_ST-HVG-Parse
MRPL33	-0.02189	0.3278532326	150	STATE_ST-HVG-Parse
CCDC144NL	-0.023041	0.3030485809	87	STATE_ST-HVG-Parse
ZNF100	0.051245	0.0219167657	95	STATE_ST-HVG-Parse
MIPEP	-0.115433	2.262e-07	90	STATE_ST-HVG-Parse
MRPS10	0.019018	0.3952837288	121	STATE_ST-HVG-Parse
HAUS7	0.015674	0.4835831523	239	STATE_ST-HVG-Parse
TARS2	-0.061485	0.0059493994	74	STATE_ST-HVG-Parse
ALG1L	0.053292	0.0171490666	216	STATE_ST-HVG-Parse
POTEI	-0.096537	1.52756e-05	126	STATE_ST-HVG-Parse
ALG13	0.039449	0.077768214	170	STATE_ST-HVG-Parse
CPSF3	0.097723	1.19749e-05	627	STATE_ST-HVG-Parse
PCID2	-0.046018	0.0396112017	307	STATE_ST-HVG-Parse
PGS1	0.015877	0.4779194295	104	STATE_ST-HVG-Parse
DDX10	0.244622	0.0	104	STATE_ST-HVG-Parse
AATF	0.317316	0.0	298	STATE_ST-HVG-Parse
UROD	0.023753	0.2883569598	201	STATE_ST-HVG-Parse
ERCC3	0.08517	0.0001370357	163	STATE_ST-HVG-Parse
CCNK	0.087127	9.5621e-05	327	STATE_ST-HVG-Parse
RBM42	0.047012	0.0355290547	79	STATE_ST-HVG-Parse
CWC25	-0.064512	0.0038985317	149	STATE_ST-HVG-Parse
CDC40	0.224301	0.0	107	STATE_ST-HVG-Parse
POLR1A	0.226458	0.0	127	STATE_ST-HVG-Parse
HECTD1	-0.039558	0.0769452602	130	STATE_ST-HVG-Parse
SRF	-0.092509	3.42181e-05	123	STATE_ST-HVG-Parse
UBAP1	0.127041	1.19e-08	104	STATE_ST-HVG-Parse
TOP1	0.137312	7e-10	123	STATE_ST-HVG-Parse
SPRTN	0.046684	0.0368343443	139	STATE_ST-HVG-Parse
RPL23A	0.244434	0.0	99	STATE_ST-HVG-Parse
PPP1R11	-0.016937	0.4490271807	77	STATE_ST-HVG-Parse
POLR2I	0.252679	0.0	223	STATE_ST-HVG-Parse
NFYB	0.006538	0.7701382041	28	STATE_ST-HVG-Parse
RPF2	0.150839	0.0	68	STATE_ST-HVG-Parse
RPS15A	0.33554	0.0	314	STATE_ST-HVG-Parse
SF3B3	0.234787	0.0	381	STATE_ST-HVG-Parse
SMC2	0.299406	0.0	134	STATE_ST-HVG-Parse
MYC	0.078903	0.0004124838	74	STATE_ST-HVG-Parse
SEC16A	0.080914	0.0002920247	153	STATE_ST-HVG-Parse
SEC61G	0.173352	0.0	98	STATE_ST-HVG-Parse
NLE1	0.226179	0.0	413	STATE_ST-HVG-Parse
DHX36	0.11702	1.537e-07	269	STATE_ST-HVG-Parse
MIS12	0.107168	1.5587e-06	82	STATE_ST-HVG-Parse
HIST1H2BN	-0.020593	0.3573267162	107	STATE_ST-HVG-Parse
YTHDC1	0.15941	0.0	237	STATE_ST-HVG-Parse
MARS2	0.054258	0.0152333621	75	STATE_ST-HVG-Parse
PLA2G10	-0.016319	0.4657689631	202	STATE_ST-HVG-Parse
TRAPPC4	0.029521	0.1869451106	196	STATE_ST-HVG-Parse
SNW1	0.161693	0.0	226	STATE_ST-HVG-Parse
NUP85	0.137426	7e-10	111	STATE_ST-HVG-Parse
MRPL54	0.025919	0.2466188073	142	STATE_ST-HVG-Parse
WDHD1	-0.040388	0.0709491745	182	STATE_ST-HVG-Parse
PAF1	0.170254	0.0	238	STATE_ST-HVG-Parse
MBTPS1	-0.023503	0.2934553623	68	STATE_ST-HVG-Parse
SPTLC1	-0.081564	0.0002607476	28	STATE_ST-HVG-Parse
GEMIN8	0.021211	0.3430705965	86	STATE_ST-HVG-Parse
USP7	0.035331	0.1142134368	276	STATE_ST-HVG-Parse
PSMD12	0.185785	0.0	265	STATE_ST-HVG-Parse
PTPMT1	-0.043415	0.0522240326	183	STATE_ST-HVG-Parse
POLRMT	0.192978	0.0	214	STATE_ST-HVG-Parse
DCUN1D5	0.113469	3.624e-07	183	STATE_ST-HVG-Parse
PSMD6	0.189726	0.0	555	STATE_ST-HVG-Parse
AURKA	0.194381	0.0	58	STATE_ST-HVG-Parse
NDUFB8	0.059576	0.0076980642	193	STATE_ST-HVG-Parse
PFDN1	0.058642	0.0087120077	34	STATE_ST-HVG-Parse
DHX16	0.21618	0.0	328	STATE_ST-HVG-Parse
LETM1	0.143869	1e-10	124	STATE_ST-HVG-Parse
LRRC37B	-0.034056	0.1278780699	109	STATE_ST-HVG-Parse
NDUFB3	-0.070383	0.0016351062	141	STATE_ST-HVG-Parse
PSMB3	0.129184	6.7e-09	31	STATE_ST-HVG-Parse
RANGAP1	0.116564	1.718e-07	130	STATE_ST-HVG-Parse
URB2	0.172512	0.0	198	STATE_ST-HVG-Parse
UBE2M	0.022551	0.3134539425	177	STATE_ST-HVG-Parse
MMS22L	0.125274	1.9e-08	57	STATE_ST-HVG-Parse
BOP1	0.112875	4.172e-07	253	STATE_ST-HVG-Parse
CLTC	0.166388	0.0	157	STATE_ST-HVG-Parse
SMAGP	0.018533	0.4074620008	117	STATE_ST-HVG-Parse
DDX56	0.240513	0.0	174	STATE_ST-HVG-Parse
MRPL45	-0.043111	0.0538932942	179	STATE_ST-HVG-Parse
NOL8	0.1458	1e-10	79	STATE_ST-HVG-Parse
FCF1	0.293539	0.0	231	STATE_ST-HVG-Parse
VARS2	-0.032746	0.1432199627	126	STATE_ST-HVG-Parse
LSM4	0.159147	0.0	84	STATE_ST-HVG-Parse
NAA10	0.074429	0.0008650114	137	STATE_ST-HVG-Parse
TBC1D28	-0.045407	0.0423136912	78	STATE_ST-HVG-Parse
IGBP1	0.246887	0.0	281	STATE_ST-HVG-Parse
SNRNP27	0.138116	6e-10	47	STATE_ST-HVG-Parse
SRP54	0.165517	0.0	81	STATE_ST-HVG-Parse
CRCP	0.039324	0.0787116662	160	STATE_ST-HVG-Parse
ESPN	-0.019524	0.3828454316	421	STATE_ST-HVG-Parse
SMU1	0.268391	0.0	155	STATE_ST-HVG-Parse
TUBE1	-0.051534	0.021180708	134	STATE_ST-HVG-Parse
TBCE	0.068973	0.0020264194	129	STATE_ST-HVG-Parse
TUT1	0.077279	0.0005421172	208	STATE_ST-HVG-Parse
GFM1	-0.009748	0.6630837917	240	STATE_ST-HVG-Parse
ACTR1A	-0.071908	0.0012909716	143	STATE_ST-HVG-Parse
SPDYE2	-0.072726	0.0011351466	182	STATE_ST-HVG-Parse
MANF	-0.061255	0.0061386353	142	STATE_ST-HVG-Parse
DNAJA3	0.107484	1.4515e-06	127	STATE_ST-HVG-Parse
ACTB	0.048727	0.02932637	168	STATE_ST-HVG-Parse
SNRNP25	0.141066	2e-10	135	STATE_ST-HVG-Parse
HMGCR	0.031259	0.1622871608	166	STATE_ST-HVG-Parse
NSL1	0.123838	2.76e-08	72	STATE_ST-HVG-Parse
TMX2	0.199686	0.0	109	STATE_ST-HVG-Parse
NDUFS3	-0.009868	0.6591717005	112	STATE_ST-HVG-Parse
TLN1	0.011401	0.6103462577	87	STATE_ST-HVG-Parse
POLR2E	0.232608	0.0	225	STATE_ST-HVG-Parse
CDC42	-0.089388	6.2523e-05	70	STATE_ST-HVG-Parse
PCBP2	0.025334	0.2574521303	172	STATE_ST-HVG-Parse
EIF5	0.077323	0.0005381237	175	STATE_ST-HVG-Parse
OR1E2	-0.11717	1.481e-07	32	STATE_ST-HVG-Parse
OR2A1	-0.001177	0.9580404758	188	STATE_ST-HVG-Parse
CCT3	0.155368	0.0	234	STATE_ST-HVG-Parse
TAF7	0.160624	0.0	94	STATE_ST-HVG-Parse
MRPL24	-0.000394	0.9859553576	193	STATE_ST-HVG-Parse
SNRPD1	0.25456	0.0	146	STATE_ST-HVG-Parse
PHB	0.248752	0.0	256	STATE_ST-HVG-Parse
INTS5	0.107128	1.5729e-06	64	STATE_ST-HVG-Parse
AURKAIP1	0.049518	0.0267939083	76	STATE_ST-HVG-Parse
KCTD10	0.150529	0.0	76	STATE_ST-HVG-Parse
TRAPPC11	0.091424	4.22811e-05	110	STATE_ST-HVG-Parse
URM1	-0.023639	0.2906698287	123	STATE_ST-HVG-Parse
C17orf58	-0.023801	0.2873681486	58	STATE_ST-HVG-Parse
EXOC2	-0.020199	0.3666132092	88	STATE_ST-HVG-Parse
MRPL43	0.052931	0.0179180261	95	STATE_ST-HVG-Parse
SBNO1	-0.087676	8.63332e-05	183	STATE_ST-HVG-Parse
PDCD6	-0.049711	0.0262064748	203	STATE_ST-HVG-Parse
PRMT1	-0.116286	1.839e-07	58	STATE_ST-HVG-Parse
CHCHD2	0.007066	0.7521441579	90	STATE_ST-HVG-Parse
JAZF1	0.083966	0.0001703548	209	STATE_ST-HVG-Parse
CAP1	0.051529	0.0211920775	26	STATE_ST-HVG-Parse
DRG1	-0.055456	0.0131228706	196	STATE_ST-HVG-Parse
HYPK	0.150602	0.0	121	STATE_ST-HVG-Parse
MRPL14	-0.035068	0.1169321835	211	STATE_ST-HVG-Parse
ATP6V1E1	0.008107	0.7170952559	188	STATE_ST-HVG-Parse
SLC35G6	0.001484	0.9471305013	163	STATE_ST-HVG-Parse
MCL1	-0.121839	4.61e-08	86	STATE_ST-HVG-Parse
CIAPIN1	0.094414	2.34606e-05	151	STATE_ST-HVG-Parse
SOD2	-0.060963	0.0063873641	198	STATE_ST-HVG-Parse
ALYREF	0.111769	5.413e-07	319	STATE_ST-HVG-Parse
PEX1	0.114263	2.998e-07	53	STATE_ST-HVG-Parse
YJEFN3	-0.072324	0.0012093865	179	STATE_ST-HVG-Parse
MED22	0.316866	0.0	289	STATE_ST-HVG-Parse
ANKRD49	0.022671	0.3108868301	144	STATE_ST-HVG-Parse
HMGB1	0.038416	0.085875757	241	STATE_ST-HVG-Parse
RFC3	0.102923	3.9835e-06	229	STATE_ST-HVG-Parse
CDC7	0.021519	0.3361087739	95	STATE_ST-HVG-Parse
ATF5	0.236126	0.0	141	STATE_ST-HVG-Parse
DICER1	0.11255	4.505e-07	158	STATE_ST-HVG-Parse
CHMP2A	0.197691	0.0	93	STATE_ST-HVG-Parse
MRPS26	0.027434	0.2200733125	120	STATE_ST-HVG-Parse
RCC1	0.076761	0.0005908378	226	STATE_ST-HVG-Parse
CDCA5	0.154409	0.0	61	STATE_ST-HVG-Parse
HMGA1	-0.073221	0.0010495406	114	STATE_ST-HVG-Parse
PFN1	0.100003	7.4393e-06	259	STATE_ST-HVG-Parse
NEDD1	0.105655	2.1871e-06	142	STATE_ST-HVG-Parse
HIST1H2BL	0.004463	0.841906786	204	STATE_ST-HVG-Parse
COPS6	0.030355	0.1747842282	235	STATE_ST-HVG-Parse
SEPHS2	-0.020079	0.3694518209	158	STATE_ST-HVG-Parse
DCTN4	0.071742	0.0013249598	77	STATE_ST-HVG-Parse
COX7C	0.05562	0.0128538832	165	STATE_ST-HVG-Parse
DDX5	-0.035709	0.110381037	151	STATE_ST-HVG-Parse
THG1L	0.123778	2.8e-08	43	STATE_ST-HVG-Parse
TIMM13	0.114465	2.856e-07	178	STATE_ST-HVG-Parse
CYC1	0.104156	3.0445e-06	98	STATE_ST-HVG-Parse
WDR92	0.041877	0.0611468181	66	STATE_ST-HVG-Parse
PSMG3	-0.056641	0.0112929279	439	STATE_ST-HVG-Parse
RRS1	0.216506	0.0	72	STATE_ST-HVG-Parse
PSMG2	0.033624	0.1327824146	164	STATE_ST-HVG-Parse
TERF2	0.17723	0.0	50	STATE_ST-HVG-Parse
PRMT5	0.061777	0.0057155448	127	STATE_ST-HVG-Parse
NDUFA6	-0.034747	0.1203202307	169	STATE_ST-HVG-Parse
TGS1	0.061357	0.0060537402	161	STATE_ST-HVG-Parse
TP53RK	0.028868	0.1968853623	88	STATE_ST-HVG-Parse
RPUSD4	0.000733	0.9738778472	126	STATE_ST-HVG-Parse
SPATA5L1	0.13996	3e-10	150	STATE_ST-HVG-Parse
AKIRIN2	0.082553	0.0002191219	169	STATE_ST-HVG-Parse
MRPL22	-0.047487	0.0337078646	96	STATE_ST-HVG-Parse
EIF2S1	0.230007	0.0	243	STATE_ST-HVG-Parse
EEF2	0.207987	0.0	321	STATE_ST-HVG-Parse
MNAT1	0.17798	0.0	85	STATE_ST-HVG-Parse
LARS	0.116635	1.689e-07	100	STATE_ST-HVG-Parse
CUL1	0.017272	0.4401165247	223	STATE_ST-HVG-Parse
VPS13D	-0.011619	0.6035453677	140	STATE_ST-HVG-Parse
E2F6	-0.043101	0.0539530814	150	STATE_ST-HVG-Parse
EXOSC4	0.263679	0.0	102	STATE_ST-HVG-Parse
GMPPB	-0.026251	0.2406188101	164	STATE_ST-HVG-Parse
RRP1	0.154549	0.0	109	STATE_ST-HVG-Parse
MRPS31	0.03321	0.1376246065	107	STATE_ST-HVG-Parse
POLR3E	0.011053	0.6212955713	221	STATE_ST-HVG-Parse
KRI1	0.221614	0.0	52	STATE_ST-HVG-Parse
RNF20	0.230696	0.0	124	STATE_ST-HVG-Parse
ZNF335	0.0644	0.0039613545	146	STATE_ST-HVG-Parse
NOC3L	0.171249	0.0	83	STATE_ST-HVG-Parse
GPN3	0.280266	0.0	276	STATE_ST-HVG-Parse
NDC1	0.021227	0.342723459	39	STATE_ST-HVG-Parse
TPX2	0.313276	0.0	361	STATE_ST-HVG-Parse
NSF	0.003439	0.8778304458	165	STATE_ST-HVG-Parse
NUP62	0.241608	0.0	99	STATE_ST-HVG-Parse
RPL13A	0.192681	0.0	158	STATE_ST-HVG-Parse
SNAPC5	0.093363	2.89162e-05	102	STATE_ST-HVG-Parse
BANP	0.160419	0.0	110	STATE_ST-HVG-Parse
AAMP	0.16692	0.0	99	STATE_ST-HVG-Parse
GPKOW	0.101937	4.9279e-06	107	STATE_ST-HVG-Parse
CHMP3	0.217988	0.0	130	STATE_ST-HVG-Parse
USP5	-0.010221	0.6477980018	199	STATE_ST-HVG-Parse
POLR2F	0.280065	0.0	337	STATE_ST-HVG-Parse
ORC3	-0.004306	0.8473864794	181	STATE_ST-HVG-Parse
TXNL4B	0.070074	0.0017143586	135	STATE_ST-HVG-Parse
PPP1CA	-0.099642	8.0279e-06	248	STATE_ST-HVG-Parse
HIST2H2BF	-0.076295	0.000638106	127	STATE_ST-HVG-Parse
KANSL1	-0.024211	0.2791562378	51	STATE_ST-HVG-Parse
NUDT21	0.214867	0.0	67	STATE_ST-HVG-Parse
MCM6	0.031404	0.1603522152	102	STATE_ST-HVG-Parse
MRPL27	0.034441	0.1236219704	102	STATE_ST-HVG-Parse
OTX1	-0.05473	0.0143686533	108	STATE_ST-HVG-Parse
USP36	0.095637	1.83414e-05	174	STATE_ST-HVG-Parse
NARS	0.171411	0.0	172	STATE_ST-HVG-Parse
PTBP1	0.106193	1.9398e-06	152	STATE_ST-HVG-Parse
UBTF	0.013922	0.5337665677	202	STATE_ST-HVG-Parse
TAF8	0.078822	0.0004182235	110	STATE_ST-HVG-Parse
MRPL3	-0.000278	0.9900826216	175	STATE_ST-HVG-Parse
THOC1	0.14542	1e-10	38	STATE_ST-HVG-Parse
RPL8	0.273258	0.0	384	STATE_ST-HVG-Parse
ATRIP	0.039992	0.0737619177	184	STATE_ST-HVG-Parse
PAFAH1B1	0.218489	0.0	126	STATE_ST-HVG-Parse
FASTKD5	0.026541	0.235462144	187	STATE_ST-HVG-Parse
ATL2	0.012622	0.572653532	120	STATE_ST-HVG-Parse
NCAPG2	0.040306	0.0715245456	84	STATE_ST-HVG-Parse
RBM8A	0.148373	0.0	39	STATE_ST-HVG-Parse
FAM32A	0.193871	0.0	396	STATE_ST-HVG-Parse
RNGTT	0.117865	1.249e-07	115	STATE_ST-HVG-Parse
PPARGC1B	-0.011117	0.6192649603	142	STATE_ST-HVG-Parse
NUP107	0.235163	0.0	316	STATE_ST-HVG-Parse
MLST8	0.02883	0.1974742562	78	STATE_ST-HVG-Parse
C19orf25	0.006842	0.7597473264	189	STATE_ST-HVG-Parse
POLR3D	0.136846	8e-10	118	STATE_ST-HVG-Parse
WDR55	0.005411	0.808908999	97	STATE_ST-HVG-Parse
CMTR1	0.155405	0.0	145	STATE_ST-HVG-Parse
SYF2	0.00967	0.6655911207	86	STATE_ST-HVG-Parse
SRRT	0.150848	0.0	307	STATE_ST-HVG-Parse
SNRPF	0.256595	0.0	130	STATE_ST-HVG-Parse
CCNB1	0.162817	0.0	158	STATE_ST-HVG-Parse
PWP1	0.110236	7.737e-07	69	STATE_ST-HVG-Parse
CEP192	0.188019	0.0	202	STATE_ST-HVG-Parse
MED31	0.109445	9.285e-07	38	STATE_ST-HVG-Parse
ELP6	-0.065818	0.0032313543	83	STATE_ST-HVG-Parse
TOR2A	-0.034112	0.1272517741	48	STATE_ST-HVG-Parse
WDR74	0.1108	6.787e-07	178	STATE_ST-HVG-Parse
OSTC	-0.145753	1e-10	235	STATE_ST-HVG-Parse
TRAPPC8	0.109266	9.674e-07	152	STATE_ST-HVG-Parse
GPS1	0.03665	0.1013013795	431	STATE_ST-HVG-Parse
AURKB	0.207893	0.0	33	STATE_ST-HVG-Parse
RPL26	0.25717	0.0	209	STATE_ST-HVG-Parse
ACD	-0.021193	0.3434858322	77	STATE_ST-HVG-Parse
DKC1	0.217452	0.0	66	STATE_ST-HVG-Parse
SF3B1	0.269517	0.0	165	STATE_ST-HVG-Parse
CSTF1	0.216388	0.0	141	STATE_ST-HVG-Parse
CDC6	0.152427	0.0	192	STATE_ST-HVG-Parse
PPAN	0.240484	0.0	103	STATE_ST-HVG-Parse
CTBP2	-0.012034	0.5906646252	110	STATE_ST-HVG-Parse
TSR1	0.251127	0.0	188	STATE_ST-HVG-Parse
CSNK2B	0.098112	1.10479e-05	128	STATE_ST-HVG-Parse
MRPL4	-0.037361	0.0948474109	125	STATE_ST-HVG-Parse
DPAGT1	-0.025794	0.2488999665	135	STATE_ST-HVG-Parse
DDB1	0.070181	0.0016866844	177	STATE_ST-HVG-Parse
MCM3AP	0.133041	2.3e-09	105	STATE_ST-HVG-Parse
DDX24	0.252549	0.0	286	STATE_ST-HVG-Parse
SIGLEC14	0.078586	0.0004352517	97	STATE_ST-HVG-Parse
COPZ1	0.234538	0.0	207	STATE_ST-HVG-Parse
TAF1C	0.155629	0.0	134	STATE_ST-HVG-Parse
SLBP	0.022872	0.306618154	83	STATE_ST-HVG-Parse
TRMT5	0.02059	0.3574074805	94	STATE_ST-HVG-Parse
RPAIN	-0.06218	0.005407365	108	STATE_ST-HVG-Parse
ABHD17A	0.057527	0.0100758132	95	STATE_ST-HVG-Parse
VMP1	0.014602	0.5139814615	106	STATE_ST-HVG-Parse
WDR46	0.272324	0.0	71	STATE_ST-HVG-Parse
ATR	0.076347	0.0006326744	141	STATE_ST-HVG-Parse
POLR2C	0.306717	0.0	185	STATE_ST-HVG-Parse
LPA	0.027157	0.2247547507	119	STATE_ST-HVG-Parse
GGPS1	-0.046211	0.0387888215	167	STATE_ST-HVG-Parse
CHCHD1	0.011459	0.6085253954	84	STATE_ST-HVG-Parse
VPS18	-0.051386	0.0215554163	157	STATE_ST-HVG-Parse
HIST1H2BJ	-0.021184	0.3437030911	43	STATE_ST-HVG-Parse
MRPS27	0.059311	0.0079742484	81	STATE_ST-HVG-Parse
PDCD5	-0.021906	0.3274950385	194	STATE_ST-HVG-Parse
RBM39	0.094716	2.20844e-05	79	STATE_ST-HVG-Parse
IPO11	-0.008424	0.7065368891	72	STATE_ST-HVG-Parse
NUS1	0.005853	0.7936457992	125	STATE_ST-HVG-Parse
CCDC174	0.085843	0.0001211852	104	STATE_ST-HVG-Parse
MED30	0.29443	0.0	288	STATE_ST-HVG-Parse
ARPC2	0.196017	0.0	227	STATE_ST-HVG-Parse
GOLT1B	0.110937	6.576e-07	279	STATE_ST-HVG-Parse
HSPA8	0.084052	0.000167748	255	STATE_ST-HVG-Parse
MYBBP1A	0.195182	0.0	109	STATE_ST-HVG-Parse
TRMT6	-0.002938	0.895541966	114	STATE_ST-HVG-Parse
POLR1C	0.202627	0.0	187	STATE_ST-HVG-Parse
SURF6	0.173571	0.0	130	STATE_ST-HVG-Parse
RBM17	0.025835	0.2481503189	76	STATE_ST-HVG-Parse
NUBP1	0.107016	1.613e-06	152	STATE_ST-HVG-Parse
CCDC130	-0.038555	0.084743686	113	STATE_ST-HVG-Parse
RPL27A	0.273516	0.0	202	STATE_ST-HVG-Parse
NEDD8	0.021414	0.3384837508	197	STATE_ST-HVG-Parse
SRSF6	-0.028757	0.1986131072	231	STATE_ST-HVG-Parse
HEATR1	0.291728	0.0	234	STATE_ST-HVG-Parse
HYOU1	0.005654	0.8005143404	37	STATE_ST-HVG-Parse
KAT5	-0.056418	0.0116188312	118	STATE_ST-HVG-Parse
HIST2H2AA3	-0.08135	0.0002706865	67	STATE_ST-HVG-Parse
PRPF4B	0.009644	0.6664354801	208	STATE_ST-HVG-Parse
AQP7	-0.091952	3.81556e-05	108	STATE_ST-HVG-Parse
POLR3H	-0.064662	0.0038161096	109	STATE_ST-HVG-Parse
POLR1E	0.208555	0.0	209	STATE_ST-HVG-Parse
ATP6V0D1	0.061328	0.0060780291	101	STATE_ST-HVG-Parse
ZMAT5	0.152086	0.0	100	STATE_ST-HVG-Parse
UTP20	0.268637	0.0	105	STATE_ST-HVG-Parse
TOP3A	0.063077	0.0047736485	159	STATE_ST-HVG-Parse
TUBB	0.208035	0.0	107	STATE_ST-HVG-Parse
SUPV3L1	-0.040279	0.0717101768	80	STATE_ST-HVG-Parse
MRPS24	0.017645	0.4303073287	145	STATE_ST-HVG-Parse
RAC3	0.052573	0.0187086798	220	STATE_ST-HVG-Parse
MAD2L2	0.053914	0.0158932842	200	STATE_ST-HVG-Parse
MEX3A	0.009402	0.6743338108	171	STATE_ST-HVG-Parse
LUC7L3	0.067494	0.0025278078	45	STATE_ST-HVG-Parse
TMA16	0.102029	4.8315e-06	172	STATE_ST-HVG-Parse
TUBGCP3	0.009422	0.6736878157	30	STATE_ST-HVG-Parse
DDX18	0.342503	0.0	137	STATE_ST-HVG-Parse
DCLRE1B	-0.08466	0.0001503062	117	STATE_ST-HVG-Parse
SLC39A7	-0.029279	0.190578714	131	STATE_ST-HVG-Parse
EIF3CL	0.161311	0.0	44	STATE_ST-HVG-Parse
VEZT	0.017713	0.4285211861	204	STATE_ST-HVG-Parse
GOLGA6L1	-0.01931	0.3880887628	197	STATE_ST-HVG-Parse
ADSL	0.072728	0.0011347618	133	STATE_ST-HVG-Parse
NAA20	0.165583	0.0	182	STATE_ST-HVG-Parse
EIF2B3	0.154273	0.0	104	STATE_ST-HVG-Parse
COPS2	0.018556	0.4068829417	47	STATE_ST-HVG-Parse
RBM4	0.141825	2e-10	221	STATE_ST-HVG-Parse
PSMB6	0.147878	0.0	200	STATE_ST-HVG-Parse
GTF2H2C	0.061986	0.0055539641	126	STATE_ST-HVG-Parse
KAT8	-0.172712	0.0	287	STATE_ST-HVG-Parse
SRSF10	0.034612	0.1217694879	133	STATE_ST-HVG-Parse
STIL	0.115556	2.196e-07	171	STATE_ST-HVG-Parse
KANSL2	-0.013964	0.5325551629	158	STATE_ST-HVG-Parse
MSRB1	0.000399	0.9857555628	205	STATE_ST-HVG-Parse
EXOC3	0.028268	0.2063595206	247	STATE_ST-HVG-Parse
NPLOC4	0.181238	0.0	60	STATE_ST-HVG-Parse
INTS2	0.187356	0.0	354	STATE_ST-HVG-Parse
GTF3A	0.080839	0.0002958387	88	STATE_ST-HVG-Parse
PGAM1	0.075631	0.0007116082	160	STATE_ST-HVG-Parse
GTF3C1	0.016505	0.460694164	160	STATE_ST-HVG-Parse
C14orf178	0.266464	0.0	143	STATE_ST-HVG-Parse
SLC9B1	-0.015637	0.4846149981	74	STATE_ST-HVG-Parse
RPAP2	0.275603	0.0	398	STATE_ST-HVG-Parse
NDOR1	-0.017646	0.4302792847	42	STATE_ST-HVG-Parse
RPS25	0.098492	1.02106e-05	40	STATE_ST-HVG-Parse
POLR2L	0.214182	0.0	62	STATE_ST-HVG-Parse
COPS8	0.014752	0.5096614361	224	STATE_ST-HVG-Parse
BRCA2	0.118159	1.161e-07	147	STATE_ST-HVG-Parse
SRFBP1	0.291691	0.0	76	STATE_ST-HVG-Parse
C6orf15	0.113262	3.806e-07	164	STATE_ST-HVG-Parse
BCS1L	0.005562	0.8036906123	70	STATE_ST-HVG-Parse
PUF60	0.086049	0.0001166867	89	STATE_ST-HVG-Parse
ACTR3	-0.02233	0.3182162642	118	STATE_ST-HVG-Parse
DDX27	0.179837	0.0	49	STATE_ST-HVG-Parse
PNKP	-0.054606	0.0145922722	185	STATE_ST-HVG-Parse
COQ5	-0.088359	7.59623e-05	113	STATE_ST-HVG-Parse
ARHGAP11B	-0.024289	0.2776058316	212	STATE_ST-HVG-Parse
RGP1	0.033161	0.1382148713	130	STATE_ST-HVG-Parse
PXN	0.031978	0.1528415233	161	STATE_ST-HVG-Parse
RPS23	0.305028	0.0	114	STATE_ST-HVG-Parse
NOMO3	0.012464	0.5774675608	191	STATE_ST-HVG-Parse
KIN	0.157795	0.0	160	STATE_ST-HVG-Parse
TM7SF2	-0.019294	0.3884756267	100	STATE_ST-HVG-Parse
PNN	0.151468	0.0	86	STATE_ST-HVG-Parse
SMUG1	0.10742	1.4727e-06	71	STATE_ST-HVG-Parse
RFC2	0.070759	0.0015432407	97	STATE_ST-HVG-Parse
YARS	0.087206	9.42439e-05	185	STATE_ST-HVG-Parse
PPIA	-0.047291	0.0344486497	158	STATE_ST-HVG-Parse
TTI1	0.147018	0.0	151	STATE_ST-HVG-Parse
NRF1	0.027383	0.2209227234	71	STATE_ST-HVG-Parse
SNUPN	0.069752	0.0018008847	139	STATE_ST-HVG-Parse
SCFD1	0.235788	0.0	152	STATE_ST-HVG-Parse
RPLP1	0.101427	5.498e-06	117	STATE_ST-HVG-Parse
MDN1	0.132986	2.4e-09	84	STATE_ST-HVG-Parse
LURAP1	0.031555	0.1583434939	71	STATE_ST-HVG-Parse
RPL6	0.271242	0.0	273	STATE_ST-HVG-Parse
IMP3	0.184377	0.0	27	STATE_ST-HVG-Parse
CHERP	0.088714	7.10398e-05	67	STATE_ST-HVG-Parse
RNASEH2C	0.137507	7e-10	102	STATE_ST-HVG-Parse
ALG1	-0.116817	1.615e-07	69	STATE_ST-HVG-Parse
BUB1B	0.04291	0.0550266206	141	STATE_ST-HVG-Parse
SMG1	-0.080654	0.0003054809	35	STATE_ST-HVG-Parse
SRRM1	0.150377	0.0	180	STATE_ST-HVG-Parse
TMEM127	-0.002871	0.8979026079	132	STATE_ST-HVG-Parse
POLR3F	0.104538	2.7994e-06	165	STATE_ST-HVG-Parse
CD3EAP	0.235958	0.0	88	STATE_ST-HVG-Parse
NUP93	-0.021262	0.3419269621	159	STATE_ST-HVG-Parse
MED11	0.237865	0.0	237	STATE_ST-HVG-Parse
SPDL1	0.026629	0.2339024395	88	STATE_ST-HVG-Parse
ISCA2	0.089464	6.16307e-05	232	STATE_ST-HVG-Parse
ANAPC13	0.077551	0.0005180683	112	STATE_ST-HVG-Parse
TWF1	0.094595	2.26244e-05	140	STATE_ST-HVG-Parse
MRPL50	-0.044674	0.0457583033	171	STATE_ST-HVG-Parse
NUBP2	-0.000716	0.9744896889	153	STATE_ST-HVG-Parse
RPP14	0.302928	0.0	56	STATE_ST-HVG-Parse
ADAT3	0.123942	2.68e-08	125	STATE_ST-HVG-Parse
SS18L2	0.069927	0.001753491	144	STATE_ST-HVG-Parse
SEC61B	-0.131498	3.6e-09	84	STATE_ST-HVG-Parse
SMARCB1	-0.020893	0.3503767252	182	STATE_ST-HVG-Parse
ACTR10	0.044287	0.0476672761	116	STATE_ST-HVG-Parse
DCTN1	0.089386	6.25486e-05	197	STATE_ST-HVG-Parse
YBX1	0.040895	0.0674776137	86	STATE_ST-HVG-Parse
DNM1	-0.048627	0.0296610091	146	STATE_ST-HVG-Parse
RPL9	0.274828	0.0	242	STATE_ST-HVG-Parse
IPO9	0.015606	0.4854680002	187	STATE_ST-HVG-Parse
DBF4	-0.133008	2.4e-09	131	STATE_ST-HVG-Parse
INTS6	0.05938	0.0079020988	146	STATE_ST-HVG-Parse
METAP1	-0.007144	0.7495006323	102	STATE_ST-HVG-Parse
RPL36A	0.118668	1.024e-07	84	STATE_ST-HVG-Parse
PPRC1	0.154132	0.0	122	STATE_ST-HVG-Parse
PRPF8	0.241782	0.0	150	STATE_ST-HVG-Parse
STX18	0.07704	0.0005640978	86	STATE_ST-HVG-Parse
FNBP4	-0.041832	0.0614253692	160	STATE_ST-HVG-Parse
EXOSC6	0.238137	0.0	75	STATE_ST-HVG-Parse
TBP	0.167662	0.0	151	STATE_ST-HVG-Parse
UBE2L3	-0.032443	0.1469593048	201	STATE_ST-HVG-Parse
HSPE1	0.113979	3.208e-07	29	STATE_ST-HVG-Parse
CDCA8	0.145164	1e-10	82	STATE_ST-HVG-Parse
ECD	0.196044	0.0	72	STATE_ST-HVG-Parse
NOP9	0.044898	0.0446813293	78	STATE_ST-HVG-Parse
ERVW-1	-0.025342	0.2573020756	175	STATE_ST-HVG-Parse
TFDP1	0.057958	0.0095277177	163	STATE_ST-HVG-Parse
WBP1L	-0.077226	0.0005469196	199	STATE_ST-HVG-Parse
RPL10	0.26581	0.0	276	STATE_ST-HVG-Parse
PTMA	0.044718	0.0455456749	152	STATE_ST-HVG-Parse
SNF8	-0.065868	0.0032080971	132	STATE_ST-HVG-Parse
DPM2	-0.061209	0.0061771665	153	STATE_ST-HVG-Parse
HJURP	-0.029933	0.180865258	111	STATE_ST-HVG-Parse
TFRC	0.116836	1.608e-07	57	STATE_ST-HVG-Parse
AP2S1	0.14667	0.0	123	STATE_ST-HVG-Parse
GNL2	0.232787	0.0	351	STATE_ST-HVG-Parse
RPN2	-0.098358	1.04987e-05	105	STATE_ST-HVG-Parse
EIF4A3	0.090914	4.66689e-05	7	STATE_ST-HVG-Parse
CHMP5	0.063381	0.0045745946	110	STATE_ST-HVG-Parse
ABCF1	0.183146	0.0	329	STATE_ST-HVG-Parse
RBBP4	0.075866	0.0006848156	90	STATE_ST-HVG-Parse
NCAPD2	0.02659	0.2345984727	48	STATE_ST-HVG-Parse
TEN1	0.016225	0.4683277309	86	STATE_ST-HVG-Parse
TSEN2	-0.075494	0.0007277989	177	STATE_ST-HVG-Parse
PIAS4	0.181929	0.0	206	STATE_ST-HVG-Parse
PEF1	0.033241	0.1372674406	48	STATE_ST-HVG-Parse
ANKLE2	0.021501	0.3365159035	126	STATE_ST-HVG-Parse
CPOX	-0.060385	0.006907295	101	STATE_ST-HVG-Parse
NDUFB10	-0.051244	0.0219186135	154	STATE_ST-HVG-Parse
WNK1	0.055253	0.0134604117	137	STATE_ST-HVG-Parse
AQR	0.270727	0.0	90	STATE_ST-HVG-Parse
UBA1	0.195777	0.0	287	STATE_ST-HVG-Parse
RFC1	0.067732	0.0024403413	149	STATE_ST-HVG-Parse
RPS9	0.339535	0.0	276	STATE_ST-HVG-Parse
MRPS11	-0.003489	0.8760956526	95	STATE_ST-HVG-Parse
TNNT2	-0.042981	0.0546231531	28	STATE_ST-HVG-Parse
BYSL	0.249696	0.0	98	STATE_ST-HVG-Parse
ZCRB1	0.033578	0.1333221197	146	STATE_ST-HVG-Parse
TMSB10	0.03541	0.1133993194	228	STATE_ST-HVG-Parse
GNL3L	0.138396	5e-10	69	STATE_ST-HVG-Parse
ESF1	0.269375	0.0	149	STATE_ST-HVG-Parse
CNOT2	0.176413	0.0	84	STATE_ST-HVG-Parse
VPS51	0.010257	0.646653235	101	STATE_ST-HVG-Parse
ANAPC5	0.085238	0.0001353399	40	STATE_ST-HVG-Parse
TNPO3	0.017889	0.4239418805	100	STATE_ST-HVG-Parse
NUP160	0.204899	0.0	291	STATE_ST-HVG-Parse
GTF2B	0.16504	0.0	35	STATE_ST-HVG-Parse
ABT1	0.233828	0.0	107	STATE_ST-HVG-Parse
CCT7	0.164597	0.0	152	STATE_ST-HVG-Parse
RPS4X	0.340127	0.0	180	STATE_ST-HVG-Parse
DPY19L2	0.081747	0.0002525514	50	STATE_ST-HVG-Parse
EIF2B1	0.073202	0.0010527464	178	STATE_ST-HVG-Parse
RPL38	0.252849	0.0	184	STATE_ST-HVG-Parse
CDC23	0.17203	0.0	177	STATE_ST-HVG-Parse
MMGT1	-0.074997	0.0007891277	183	STATE_ST-HVG-Parse
DTL	0.217157	0.0	136	STATE_ST-HVG-Parse
PLK4	0.100648	6.4905e-06	32	STATE_ST-HVG-Parse
DBR1	0.074541	0.0008495135	98	STATE_ST-HVG-Parse
RPL23	0.288876	0.0	398	STATE_ST-HVG-Parse
TFAM	0.117513	1.362e-07	82	STATE_ST-HVG-Parse
SSBP1	0.097584	1.23218e-05	119	STATE_ST-HVG-Parse
MRPS35	0.020636	0.3563170731	201	STATE_ST-HVG-Parse
ALG14	-0.087306	9.24948e-05	183	STATE_ST-HVG-Parse
RPAP1	0.199199	0.0	91	STATE_ST-HVG-Parse
PPME1	0.066202	0.0030558796	222	STATE_ST-HVG-Parse
CINP	0.128639	7.8e-09	78	STATE_ST-HVG-Parse
NCL	0.125675	1.71e-08	298	STATE_ST-HVG-Parse
RPL15	0.298041	0.0	168	STATE_ST-HVG-Parse
WDR77	-0.001292	0.9539402127	42	STATE_ST-HVG-Parse
CTU2	-0.083567	0.0001829844	114	STATE_ST-HVG-Parse
DDX1	0.101236	5.7263e-06	101	STATE_ST-HVG-Parse
LSM3	0.132196	3e-09	74	STATE_ST-HVG-Parse
ZNF559	0.022525	0.3140095174	111	STATE_ST-HVG-Parse
TIMM22	-0.003845	0.8635672331	78	STATE_ST-HVG-Parse
GLMN	0.045921	0.0400271304	79	STATE_ST-HVG-Parse
MFN2	0.02941	0.188612029	135	STATE_ST-HVG-Parse
RPL39	0.207127	0.0	37	STATE_ST-HVG-Parse
DPPA2	-0.032397	0.1475248784	67	STATE_ST-HVG-Parse
NDUFAB1	0.012881	0.5647999048	160	STATE_ST-HVG-Parse
ERAL1	-0.012556	0.5746712685	116	STATE_ST-HVG-Parse
HAUS1	0.160778	0.0	53	STATE_ST-HVG-Parse
HDAC3	0.001363	0.9514110684	60	STATE_ST-HVG-Parse
U2AF2	0.120439	6.57e-08	107	STATE_ST-HVG-Parse
PPP1R15B	0.084184	0.0001637955	135	STATE_ST-HVG-Parse
NSA2	0.076545	0.0006123639	114	STATE_ST-HVG-Parse
PGK1	0.03874	0.0832641423	33	STATE_ST-HVG-Parse
RMI1	0.127668	1.01e-08	203	STATE_ST-HVG-Parse
CCP110	-0.03726	0.0957429558	47	STATE_ST-HVG-Parse
SRRM2	0.105169	2.4356e-06	173	STATE_ST-HVG-Parse
CTR9	0.131052	4e-09	212	STATE_ST-HVG-Parse
PRKRA	-0.001521	0.945802927	78	STATE_ST-HVG-Parse
LCE1C	-0.020899	0.3502310216	157	STATE_ST-HVG-Parse
C12orf60	0.112418	4.648e-07	110	STATE_ST-HVG-Parse
PSMD9	-0.047919	0.0321223363	94	STATE_ST-HVG-Parse
DLD	0.185125	0.0	311	STATE_ST-HVG-Parse
RPL28	0.102866	4.0334e-06	50	STATE_ST-HVG-Parse
POLR2A	0.263127	0.0	410	STATE_ST-HVG-Parse
DAP3	-0.004535	0.839386344	162	STATE_ST-HVG-Parse
NDUFA2	0.215409	0.0	187	STATE_ST-HVG-Parse
SETDB1	-0.031799	0.1551531255	124	STATE_ST-HVG-Parse
CBX1	-0.025734	0.2500043511	151	STATE_ST-HVG-Parse
RPL37A	0.284766	0.0	386	STATE_ST-HVG-Parse
RBM28	0.156317	0.0	68	STATE_ST-HVG-Parse
ELP3	0.012197	0.5856454372	119	STATE_ST-HVG-Parse
INTS3	0.092122	3.69113e-05	106	STATE_ST-HVG-Parse
EIF6	0.204484	0.0	129	STATE_ST-HVG-Parse
SMC3	0.259735	0.0	54	STATE_ST-HVG-Parse
MT2A	0.081583	0.0002598843	112	STATE_ST-HVG-Parse
GTF3C4	0.093527	2.79925e-05	129	STATE_ST-HVG-Parse
BRD4	0.00946	0.6724432707	116	STATE_ST-HVG-Parse
SNRPA1	0.19742	0.0	159	STATE_ST-HVG-Parse
SF3A3	0.116153	1.899e-07	25	STATE_ST-HVG-Parse
INO80B	0.071345	0.0014093769	116	STATE_ST-HVG-Parse
TMEM199	-0.056801	0.0110635618	99	STATE_ST-HVG-Parse
SRP19	0.050584	0.0236823279	124	STATE_ST-HVG-Parse
CDC45	0.093694	2.70808e-05	92	STATE_ST-HVG-Parse
BRIP1	0.077792	0.0004975758	132	STATE_ST-HVG-Parse
GSDMA	-0.070597	0.0015821343	110	STATE_ST-HVG-Parse
FAM207A	0.073849	0.0009494741	103	STATE_ST-HVG-Parse
ATP6V1B2	0.157928	0.0	442	STATE_ST-HVG-Parse
TADA2A	0.017161	0.4430606365	39	STATE_ST-HVG-Parse
PSMA4	0.154136	0.0	388	STATE_ST-HVG-Parse
PSMB1	0.15625	0.0	143	STATE_ST-HVG-Parse
NBPF15	0.021667	0.3328045011	62	STATE_ST-HVG-Parse
RPN1	0.012933	0.563226819	52	STATE_ST-HVG-Parse
CCDC115	0.001892	0.932629168	211	STATE_ST-HVG-Parse
RPE	0.029035	0.1943061352	118	STATE_ST-HVG-Parse
GINS4	0.134487	1.6e-09	60	STATE_ST-HVG-Parse
VARS	0.175277	0.0	220	STATE_ST-HVG-Parse
FTSJ3	0.138755	5e-10	207	STATE_ST-HVG-Parse
WDR82	0.23056	0.0	99	STATE_ST-HVG-Parse
USPL1	0.029013	0.1946379542	100	STATE_ST-HVG-Parse
POLR3C	0.016927	0.4492922127	175	STATE_ST-HVG-Parse
SUPT16H	0.202298	0.0	93	STATE_ST-HVG-Parse
SEC63	0.013219	0.5546357632	78	STATE_ST-HVG-Parse
MARS	0.127121	1.17e-08	89	STATE_ST-HVG-Parse
CARS	0.138218	5e-10	19	STATE_ST-HVG-Parse
UBA3	-0.045182	0.0433435179	95	STATE_ST-HVG-Parse
SF3B4	0.225266	0.0	238	STATE_ST-HVG-Parse
IMPDH2	0.044505	0.0465836823	77	STATE_ST-HVG-Parse
MED28	0.237294	0.0	73	STATE_ST-HVG-Parse
GEMIN4	0.040532	0.0699464455	81	STATE_ST-HVG-Parse
EIF2S3	0.225264	0.0	57	STATE_ST-HVG-Parse
DHX37	0.290965	0.0	217	STATE_ST-HVG-Parse
STRAP	-0.005083	0.8202989697	106	STATE_ST-HVG-Parse
MTG2	-0.066311	0.0030079465	146	STATE_ST-HVG-Parse
TIMM10	-0.039416	0.0780183002	54	STATE_ST-HVG-Parse
MVD	0.059394	0.0078873392	104	STATE_ST-HVG-Parse
RPLP0	0.210945	0.0	184	STATE_ST-HVG-Parse
CDC73	0.111076	6.365e-07	171	STATE_ST-HVG-Parse
UBQLN4	0.15026	0.0	152	STATE_ST-HVG-Parse
XRCC1	0.012306	0.5822933316	254	STATE_ST-HVG-Parse
TANGO6	0.207221	0.0	95	STATE_ST-HVG-Parse
SAP18	0.172078	0.0	57	STATE_ST-HVG-Parse
H3F3A	0.017877	0.4242569804	237	STATE_ST-HVG-Parse
SMC1A	0.237599	0.0	180	STATE_ST-HVG-Parse
RPP38	0.180732	0.0	56	STATE_ST-HVG-Parse
DHX15	0.225396	0.0	359	STATE_ST-HVG-Parse
GNL3	0.144311	1e-10	38	STATE_ST-HVG-Parse
PIK3C3	0.038821	0.0826204345	115	STATE_ST-HVG-Parse
WDR26	-0.003036	0.8920533657	226	STATE_ST-HVG-Parse
RNF103	0.04063	0.0692751855	111	STATE_ST-HVG-Parse
FGFR1OP	-0.014045	0.5301609039	119	STATE_ST-HVG-Parse
NDC80	0.355496	0.0	214	STATE_ST-HVG-Parse
ORC4	-0.058131	0.0093147503	95	STATE_ST-HVG-Parse
THOC3	0.160093	0.0	147	STATE_ST-HVG-Parse
TUBA1C	-0.02062	0.35670349	51	STATE_ST-HVG-Parse
TTC27	0.079167	0.0003943795	89	STATE_ST-HVG-Parse
QRSL1	-0.075734	0.0006997022	126	STATE_ST-HVG-Parse
LYRM4	-0.038027	0.0890973806	70	STATE_ST-HVG-Parse
ZNHIT3	0.017418	0.4362472594	72	STATE_ST-HVG-Parse
WDR18	0.046608	0.0371428244	105	STATE_ST-HVG-Parse
RBM25	0.125083	2e-08	70	STATE_ST-HVG-Parse
PFDN5	-0.027295	0.2224062234	110	STATE_ST-HVG-Parse
WARS	-0.025264	0.2587715387	76	STATE_ST-HVG-Parse
SRCAP	0.073723	0.0009687924	194	STATE_ST-HVG-Parse
GABPA	0.092169	3.65696e-05	110	STATE_ST-HVG-Parse
RPS12	0.312907	0.0	485	STATE_ST-HVG-Parse
SNRNP35	0.235283	0.0	168	STATE_ST-HVG-Parse
NUP153	0.021449	0.3376909196	86	STATE_ST-HVG-Parse
CDC123	0.070863	0.0015185946	112	STATE_ST-HVG-Parse
MMS19	-0.049806	0.0259221215	129	STATE_ST-HVG-Parse
WDR3	0.31826	0.0	365	STATE_ST-HVG-Parse
WDR43	0.237063	0.0	86	STATE_ST-HVG-Parse
RPL35A	0.266286	0.0	137	STATE_ST-HVG-Parse
CYFIP1	0.072879	0.0011080431	111	STATE_ST-HVG-Parse
RPS18	0.343073	0.0	122	STATE_ST-HVG-Parse
BRK1	-0.070809	0.0015313086	180	STATE_ST-HVG-Parse
UFM1	0.050983	0.0226014219	130	STATE_ST-HVG-Parse
EXOC4	0.044925	0.0445526764	108	STATE_ST-HVG-Parse
GATA1	0.309085	0.0	108	STATE_ST-HVG-Parse
KIF20A	-0.000555	0.9802135229	96	STATE_ST-HVG-Parse
EXOC8	-0.044185	0.048181884	18	STATE_ST-HVG-Parse
EIF2B4	0.186215	0.0	324	STATE_ST-HVG-Parse
PTK2	0.070773	0.0015398957	144	STATE_ST-HVG-Parse
OR2T5	0.053018	0.0177283864	106	STATE_ST-HVG-Parse
UTP23	0.301117	0.0	163	STATE_ST-HVG-Parse
C1D	0.078085	0.0004736629	160	STATE_ST-HVG-Parse
ARMC7	0.119687	7.94e-08	110	STATE_ST-HVG-Parse
EMC4	0.003808	0.8648491502	55	STATE_ST-HVG-Parse
RPS10-NUDT3	0.307626	0.0	164	STATE_ST-HVG-Parse
UBA5	-0.003248	0.8845818043	102	STATE_ST-HVG-Parse
EXOSC3	0.23515	0.0	53	STATE_ST-HVG-Parse
CRLS1	-0.073085	0.0010724562	111	STATE_ST-HVG-Parse
USP19	-1.8e-05	0.9993623495	65	STATE_ST-HVG-Parse
SNAPC4	0.080031	0.0003401964	104	STATE_ST-HVG-Parse
NR2C2AP	0.028542	0.201992467	86	STATE_ST-HVG-Parse
CENPK	0.217182	0.0	97	STATE_ST-HVG-Parse
RHOQ	-0.012509	0.5761104822	185	STATE_ST-HVG-Parse
ACTR6	-0.139422	4e-10	108	STATE_ST-HVG-Parse
ATP6V0C	0.124237	2.49e-08	53	STATE_ST-HVG-Parse
GTF2F1	0.001695	0.9395996928	41	STATE_ST-HVG-Parse
NUTF2	0.158474	0.0	67	STATE_ST-HVG-Parse
LSM10	-0.037264	0.095704712	135	STATE_ST-HVG-Parse
MICOS10	0.091017	4.57546e-05	87	STATE_ST-HVG-Parse
MIS18A	0.021545	0.3355334103	129	STATE_ST-HVG-Parse
PSME1	0.06086	0.0064781294	121	STATE_ST-HVG-Parse
PDPK1	0.096336	1.59149e-05	80	STATE_ST-HVG-Parse
KXD1	0.062059	0.0054984954	101	STATE_ST-HVG-Parse
MOK	-0.065373	0.0034460812	123	STATE_ST-HVG-Parse
PHF12	0.121786	4.67e-08	110	STATE_ST-HVG-Parse
GTF2H2	-0.008632	0.6996619701	156	STATE_ST-HVG-Parse
MRPS34	0.103673	3.3838e-06	141	STATE_ST-HVG-Parse
NEPRO	0.257505	0.0	42	STATE_ST-HVG-Parse
IMP4	0.301579	0.0	164	STATE_ST-HVG-Parse
MRPS21	0.021352	0.3398896456	146	STATE_ST-HVG-Parse
RPS27A	0.320703	0.0	97	STATE_ST-HVG-Parse
NPB	0.037886	0.0902922675	196	STATE_ST-HVG-Parse
GTF2A1	0.246388	0.0	113	STATE_ST-HVG-Parse
NHP2	0.132358	2.8e-09	66	STATE_ST-HVG-Parse
BCLAF1	0.013148	0.5567623377	51	STATE_ST-HVG-Parse
ZNF207	0.121866	4.58e-08	283	STATE_ST-HVG-Parse
MCM3	-0.039256	0.0792301819	124	STATE_ST-HVG-Parse
PIK3R4	-0.01847	0.409047842	77	STATE_ST-HVG-Parse
H2AFX	-0.022664	0.3110319078	139	STATE_ST-HVG-Parse
NCAPD3	0.007269	0.7452625036	81	STATE_ST-HVG-Parse
RPA2	0.226651	0.0	225	STATE_ST-HVG-Parse
GRB2	0.160484	0.0	169	STATE_ST-HVG-Parse
SKA1	0.022838	0.3073374033	68	STATE_ST-HVG-Parse
SNRPE	0.249363	0.0	184	STATE_ST-HVG-Parse
ISY1	0.157612	0.0	30	STATE_ST-HVG-Parse
NDUFS5	-0.005337	0.8114615083	195	STATE_ST-HVG-Parse
PRORP	-0.036623	0.1015583947	42	STATE_ST-HVG-Parse
NAPA	-0.009491	0.6714094281	12	STATE_ST-HVG-Parse
HIST2H3A	-0.035286	0.1146761551	79	STATE_ST-HVG-Parse
TEFM	0.140722	3e-10	203	STATE_ST-HVG-Parse
MRPL36	0.027731	0.2151108682	189	STATE_ST-HVG-Parse
SENP6	-0.061202	0.0061835926	94	STATE_ST-HVG-Parse
CSTF3	0.139328	4e-10	66	STATE_ST-HVG-Parse
GIT2	0.160987	0.0	107	STATE_ST-HVG-Parse
RNF113A	0.217725	0.0	176	STATE_ST-HVG-Parse
TSFM	0.053451	0.0168202557	98	STATE_ST-HVG-Parse
SLC25A3	-0.042336	0.0583566353	114	STATE_ST-HVG-Parse
VPS33A	0.05292	0.0179415643	182	STATE_ST-HVG-Parse
TLCD1	0.042248	0.0588857532	155	STATE_ST-HVG-Parse
ZNF676	-0.049978	0.0254121628	89	STATE_ST-HVG-Parse
TAF12	0.261124	0.0	67	STATE_ST-HVG-Parse
RINT1	0.04531	0.0427545942	145	STATE_ST-HVG-Parse
MED14	0.256983	0.0	117	STATE_ST-HVG-Parse
TBCC	0.017565	0.4324039221	141	STATE_ST-HVG-Parse
RPSA	0.311919	0.0	224	STATE_ST-HVG-Parse
XRCC3	0.089484	6.1399e-05	53	STATE_ST-HVG-Parse
GEMIN6	-0.031277	0.1620485336	84	STATE_ST-HVG-Parse
CEBPZ	0.176409	0.0	113	STATE_ST-HVG-Parse
GLE1	0.201794	0.0	57	STATE_ST-HVG-Parse
STX5	-0.011812	0.5975477099	51	STATE_ST-HVG-Parse
ZNRD1	0.191591	0.0	81	STATE_ST-HVG-Parse
TMED2	0.007486	0.7379347682	137	STATE_ST-HVG-Parse
KPNA6	0.069915	0.0017565889	78	STATE_ST-HVG-Parse
RPL36AL	-0.041903	0.0609818101	152	STATE_ST-HVG-Parse
WDR75	0.263485	0.0	158	STATE_ST-HVG-Parse
TAF2	0.11876	1e-07	144	STATE_ST-HVG-Parse
COPB1	0.199631	0.0	91	STATE_ST-HVG-Parse
KDM2A	0.021472	0.3371701539	117	STATE_ST-HVG-Parse
DENR	0.099076	9.0393e-06	251	STATE_ST-HVG-Parse
IFITM2	-0.062428	0.0052246908	150	STATE_ST-HVG-Parse
RPS3A	0.316118	0.0	160	STATE_ST-HVG-Parse
WDR5	0.142327	2e-10	78	STATE_ST-HVG-Parse
YEATS2	0.135861	1.1e-09	240	STATE_ST-HVG-Parse
ZNF718	0.067329	0.0025903003	330	STATE_ST-HVG-Parse
PSMA2	0.058336	0.009068734	64	STATE_ST-HVG-Parse
REV3L	0.038734	0.0833097324	101	STATE_ST-HVG-Parse
RAN	0.065254	0.003505493	193	STATE_ST-HVG-Parse
PNPT1	0.057269	0.0104175294	131	STATE_ST-HVG-Parse
TRNP1	-0.049191	0.0278194267	156	STATE_ST-HVG-Parse
RPS19BP1	0.259281	0.0	54	STATE_ST-HVG-Parse
EFTUD2	0.222948	0.0	127	STATE_ST-HVG-Parse
KIF18A	-0.056207	0.0119345989	47	STATE_ST-HVG-Parse
PPA1	0.04527	0.0429386199	143	STATE_ST-HVG-Parse
ATP6V1D	0.117934	1.228e-07	139	STATE_ST-HVG-Parse
GPR61	-0.020144	0.3679188192	112	STATE_ST-HVG-Parse
VPS41	0.017075	0.4453420043	332	STATE_ST-HVG-Parse
PSMD2	0.195456	0.0	63	STATE_ST-HVG-Parse
MRPL20	-0.029389	0.1889241189	120	STATE_ST-HVG-Parse
EEF1B2	0.077319	0.0005384769	32	STATE_ST-HVG-Parse
CYP2A13	0.034161	0.1267100275	140	STATE_ST-HVG-Parse
BRCA1	0.056156	0.0120125376	104	STATE_ST-HVG-Parse
RACGAP1	0.24331	0.0	175	STATE_ST-HVG-Parse
GRWD1	0.010195	0.6486369967	189	STATE_ST-HVG-Parse
ZC3H18	0.035814	0.1093391553	32	STATE_ST-HVG-Parse
KIF23	0.092435	3.47178e-05	87	STATE_ST-HVG-Parse
NELFB	0.176737	0.0	140	STATE_ST-HVG-Parse
HNRNPM	0.116437	1.773e-07	258	STATE_ST-HVG-Parse
TFB2M	0.014827	0.5075154305	162	STATE_ST-HVG-Parse
RPS16	0.296886	0.0	57	STATE_ST-HVG-Parse
FNTB	-0.067591	0.0024919016	102	STATE_ST-HVG-Parse
MCM5	0.032162	0.1504956633	90	STATE_ST-HVG-Parse
ABCB10	0.04279	0.0557070896	51	STATE_ST-HVG-Parse
RPL11	0.243194	0.0	387	STATE_ST-HVG-Parse
TRAPPC5	0.053434	0.0168542825	132	STATE_ST-HVG-Parse
PSMD3	0.118712	1.013e-07	64	STATE_ST-HVG-Parse
EIF3L	0.124072	2.6e-08	57	STATE_ST-HVG-Parse
MST1	0.065692	0.0032910781	134	STATE_ST-HVG-Parse
TAF1	0.131099	4e-09	97	STATE_ST-HVG-Parse
MED26	0.068502	0.0021752298	105	STATE_ST-HVG-Parse
ATP6V0B	0.120378	6.67e-08	147	STATE_ST-HVG-Parse
ZNF492	0.083882	0.0001729293	157	STATE_ST-HVG-Parse
ZNF830	0.074815	0.0008127187	15	STATE_ST-HVG-Parse
COPS5	-0.052318	0.0192893092	98	STATE_ST-HVG-Parse
KCNA10	-0.054889	0.0140872588	147	STATE_ST-HVG-Parse
FAM50A	0.22362	0.0	38	STATE_ST-HVG-Parse
METTL14	0.103437	3.563e-06	121	STATE_ST-HVG-Parse
ABCG1	0.036167	0.1058911532	144	STATE_ST-HVG-Parse
RRM1	0.212625	0.0	103	STATE_ST-HVG-Parse
SMC4	0.206834	0.0	340	STATE_ST-HVG-Parse
THOC7	0.169871	0.0	132	STATE_ST-HVG-Parse
PPIL4	0.135044	1.3e-09	74	STATE_ST-HVG-Parse
RGPD6	-0.02021	0.3663530052	202	STATE_ST-HVG-Parse
BAP1	-0.014476	0.5176166296	200	STATE_ST-HVG-Parse
TTF2	0.09836	1.04935e-05	68	STATE_ST-HVG-Parse
OR1D2	-0.009243	0.6795217991	125	STATE_ST-HVG-Parse
EIF3F	0.13071	4.4e-09	67	STATE_ST-HVG-Parse
MRPL49	0.159127	0.0	40	STATE_ST-HVG-Parse
EIF3J	0.079301	0.0003854749	82	STATE_ST-HVG-Parse
GEMIN5	0.05397	0.0157840103	133	STATE_ST-HVG-Parse
C1orf109	-0.034357	0.1245452985	240	STATE_ST-HVG-Parse
AIFM1	-0.067662	0.0024657801	50	STATE_ST-HVG-Parse
MIOS	-0.009141	0.6828820109	163	STATE_ST-HVG-Parse
PSMD4	0.085185	0.0001366558	352	STATE_ST-HVG-Parse
TINF2	0.062649	0.0050669648	76	STATE_ST-HVG-Parse
CD2BP2	0.018468	0.409096241	132	STATE_ST-HVG-Parse
ILF3	0.004175	0.8519794345	138	STATE_ST-HVG-Parse
ATP6V1C1	0.057165	0.0105577242	59	STATE_ST-HVG-Parse
SCAF1	0.164772	0.0	174	STATE_ST-HVG-Parse
PSMC1	0.243677	0.0	316	STATE_ST-HVG-Parse
DDX3X	0.121241	5.37e-08	29	STATE_ST-HVG-Parse
RNMT	0.107976	1.2987e-06	114	STATE_ST-HVG-Parse
LAMTOR2	0.15282	0.0	66	STATE_ST-HVG-Parse
TADA3	0.212347	0.0	150	STATE_ST-HVG-Parse
CEP68	-0.009194	0.681142509	68	STATE_ST-HVG-Parse
LCE1E	0.109971	8.225e-07	123	STATE_ST-HVG-Parse
ZNF658	-0.065267	0.0034990059	111	STATE_ST-HVG-Parse
COG4	-0.028258	0.2065222859	129	STATE_ST-HVG-Parse
FAF2	-0.090397	5.15578e-05	165	STATE_ST-HVG-Parse
ARL2	0.18909	0.0	74	STATE_ST-HVG-Parse
PPP4R2	0.119419	8.49e-08	187	STATE_ST-HVG-Parse
ARPC4	0.130551	4.6e-09	220	STATE_ST-HVG-Parse
CYS1	-0.021651	0.3331664503	170	STATE_ST-HVG-Parse
CXXC1	0.265746	0.0	122	STATE_ST-HVG-Parse
RPL35	0.233456	0.0	46	STATE_ST-HVG-Parse
AHCTF1	0.079687	0.0003609053	290	STATE_ST-HVG-Parse
HOXC10	-0.062452	0.0052071121	83	STATE_ST-HVG-Parse
CPSF1	0.07929	0.0003861888	50	STATE_ST-HVG-Parse
CLK2	-0.002735	0.9027277827	88	STATE_ST-HVG-Parse
FARS2	0.013058	0.5594699979	40	STATE_ST-HVG-Parse
UQCRH	-0.049202	0.0277834572	68	STATE_ST-HVG-Parse
DDOST	-0.02415	0.2803561389	86	STATE_ST-HVG-Parse
CCNH	0.237407	0.0	79	STATE_ST-HVG-Parse
WDR83OS	0.09996	7.5072e-06	83	STATE_ST-HVG-Parse
PSMG4	0.268135	0.0	62	STATE_ST-HVG-Parse
FOXD4	-0.004001	0.8580958247	94	STATE_ST-HVG-Parse
CBLL1	0.081791	0.0002505849	102	STATE_ST-HVG-Parse
MRGBP	-0.049105	0.0280933492	74	STATE_ST-HVG-Parse
PIGH	-0.062271	0.0053398255	85	STATE_ST-HVG-Parse
CCT2	0.170629	0.0	199	STATE_ST-HVG-Parse
TPT1	0.053649	0.0164185241	48	STATE_ST-HVG-Parse
DDX42	0.075502	0.0007267797	44	STATE_ST-HVG-Parse
MRPL32	-0.077515	0.0005211956	67	STATE_ST-HVG-Parse
PNO1	0.332187	0.0	134	STATE_ST-HVG-Parse
GON4L	-0.010023	0.6541841626	237	STATE_ST-HVG-Parse
MTBP	-0.013139	0.5570485592	191	STATE_ST-HVG-Parse
PNISR	0.00458	0.8377999067	196	STATE_ST-HVG-Parse
ALG11	-0.008303	0.7105765939	97	STATE_ST-HVG-Parse
COQ4	0.001173	0.9582018256	162	STATE_ST-HVG-Parse
MRPL19	-0.039271	0.0791189745	192	STATE_ST-HVG-Parse
TSSK3	0.003588	0.8725985289	212	STATE_ST-HVG-Parse
HAPLN2	-0.031823	0.1548451483	121	STATE_ST-HVG-Parse
WDR7	-0.009561	0.6691495776	103	STATE_ST-HVG-Parse
POU5F1B	0.026721	0.2322958708	81	STATE_ST-HVG-Parse
DHX9	0.045054	0.0439437479	92	STATE_ST-HVG-Parse
UBE2Z	0.030698	0.1699708402	64	STATE_ST-HVG-Parse
RNF40	0.174299	0.0	198	STATE_ST-HVG-Parse
RBMX	0.151689	0.0	147	STATE_ST-HVG-Parse
HCFC1	-0.031214	0.1629001498	55	STATE_ST-HVG-Parse
POLA2	0.105159	2.4409e-06	234	STATE_ST-HVG-Parse
NMT1	-0.095657	1.8269e-05	25	STATE_ST-HVG-Parse
EMC1	0.059966	0.0073074768	83	STATE_ST-HVG-Parse
MRPS16	-0.043037	0.0543089695	41	STATE_ST-HVG-Parse
RUVBL2	0.172286	0.0	14	STATE_ST-HVG-Parse
POLD1	0.077663	0.0005084356	212	STATE_ST-HVG-Parse
ZFC3H1	0.090374	5.17932e-05	117	STATE_ST-HVG-Parse
SSX4	-0.063303	0.0046247425	101	STATE_ST-HVG-Parse
PSMD13	0.094433	2.33712e-05	122	STATE_ST-HVG-Parse
ZNF236	0.297191	0.0	85	STATE_ST-HVG-Parse
ZW10	0.067574	0.00249803	200	STATE_ST-HVG-Parse
UXS1	0.143456	1e-10	124	STATE_ST-HVG-Parse
PPP1CB	-0.086105	0.0001155021	160	STATE_ST-HVG-Parse
GINS1	0.156072	0.0	186	STATE_ST-HVG-Parse
NDUFB6	-0.025832	0.2482114583	190	STATE_ST-HVG-Parse
RAE1	0.18802	0.0	59	STATE_ST-HVG-Parse
COG6	-0.052582	0.0186872147	183	STATE_ST-HVG-Parse
HSD17B12	0.075405	0.0007383656	142	STATE_ST-HVG-Parse
GTF3C2	0.046627	0.0370623507	114	STATE_ST-HVG-Parse
ROMO1	0.101041	5.9697e-06	87	STATE_ST-HVG-Parse
HSPA14	-0.070318	0.0016515516	120	STATE_ST-HVG-Parse
SP2	-0.026929	0.2286752164	118	STATE_ST-HVG-Parse
TAF1D	0.13044	4.8e-09	141	STATE_ST-HVG-Parse
CYCS	0.030221	0.1767063737	163	STATE_ST-HVG-Parse
HLA-C	0.158786	0.0	44	STATE_ST-HVG-Parse
ATP6V1F	-0.00588	0.7927216291	72	STATE_ST-HVG-Parse
NOC2L	0.161427	0.0	28	STATE_ST-HVG-Parse
FDXR	0.008658	0.6987860799	140	STATE_ST-HVG-Parse
PPIH	0.114868	2.592e-07	114	STATE_ST-HVG-Parse
VBP1	-0.014014	0.5310829878	116	STATE_ST-HVG-Parse
SNRPB	0.276073	0.0	269	STATE_ST-HVG-Parse
NDUFAF3	0.016821	0.452152431	81	STATE_ST-HVG-Parse
EIF3B	0.273483	0.0	34	STATE_ST-HVG-Parse
CCAR1	0.044982	0.0442816727	48	STATE_ST-HVG-Parse
BORA	0.187642	0.0	55	STATE_ST-HVG-Parse
HAUS8	0.073137	0.0010635853	122	STATE_ST-HVG-Parse
STRIP1	0.027029	0.2269609869	107	STATE_ST-HVG-Parse
UBE2I	0.102261	4.5967e-06	64	STATE_ST-HVG-Parse
CCT5	0.109657	8.843e-07	66	STATE_ST-HVG-Parse
GAPDH	0.106757	1.7097e-06	183	STATE_ST-HVG-Parse
MRPS18B	-0.062282	0.0053314697	59	STATE_ST-HVG-Parse
UTP18	0.232922	0.0	77	STATE_ST-HVG-Parse
EXOSC10	0.254872	0.0	92	STATE_ST-HVG-Parse
UPF2	-0.015335	0.493090719	154	STATE_ST-HVG-Parse
TOP2A	0.113969	3.216e-07	38	STATE_ST-HVG-Parse
MCRS1	-0.050856	0.0229423232	71	STATE_ST-HVG-Parse
SPC24	0.389046	0.0	98	STATE_ST-HVG-Parse
NOP10	0.198772	0.0	147	STATE_ST-HVG-Parse
CPSF4	0.14127	2e-10	59	STATE_ST-HVG-Parse
COX10	0.050776	0.0231583733	94	STATE_ST-HVG-Parse
PKM	0.070078	0.0017133899	149	STATE_ST-HVG-Parse
MCMBP	0.084805	0.0001464156	145	STATE_ST-HVG-Parse
RPL18A	0.209538	0.0	65	STATE_ST-HVG-Parse
OGFOD1	0.133355	2.1e-09	114	STATE_ST-HVG-Parse
RPL18	0.276392	0.0	308	STATE_ST-HVG-Parse
CENPH	0.017811	0.4259677231	63	STATE_ST-HVG-Parse
POLR2H	0.282765	0.0	102	STATE_ST-HVG-Parse
HMGCS1	0.089029	6.69305e-05	230	STATE_ST-HVG-Parse
SPCS3	-0.035412	0.1133774444	167	STATE_ST-HVG-Parse
CTCF	0.055224	0.0135099431	68	STATE_ST-HVG-Parse
CFDP1	-0.145865	1e-10	157	STATE_ST-HVG-Parse
MED8	0.224709	0.0	112	STATE_ST-HVG-Parse
COQ2	-0.006771	0.7621948719	67	STATE_ST-HVG-Parse
PRKRIP1	-0.057792	0.0097359596	182	STATE_ST-HVG-Parse
SKP2	0.066698	0.0028423485	202	STATE_ST-HVG-Parse
RPL27	0.254651	0.0	38	STATE_ST-HVG-Parse
HIST2H2BE	-0.015702	0.4827884436	31	STATE_ST-HVG-Parse
SRSF7	0.060523	0.006780304	118	STATE_ST-HVG-Parse
WDR70	0.13188	3.2e-09	30	STATE_ST-HVG-Parse
NDUFA4	0.00543	0.8082361221	86	STATE_ST-HVG-Parse
ATP2A2	0.012809	0.5669957399	158	STATE_ST-HVG-Parse
TVP23C	-0.03646	0.1030877158	113	STATE_ST-HVG-Parse
BARD1	0.029881	0.181613639	140	STATE_ST-HVG-Parse
TXNL4A	0.013496	0.5463750958	85	STATE_ST-HVG-Parse
PPP1R10	0.149368	0.0	7	STATE_ST-HVG-Parse
HIST2H2AC	-0.064854	0.0037123468	73	STATE_ST-HVG-Parse
POLE2	-0.039828	0.0749519765	56	STATE_ST-HVG-Parse
LONP1	-0.000652	0.9767416716	128	STATE_ST-HVG-Parse
GOSR2	0.075439	0.0007342562	84	STATE_ST-HVG-Parse
PALB2	0.051917	0.0202371404	97	STATE_ST-HVG-Parse
CDC37	0.02971	0.1841347665	174	STATE_ST-HVG-Parse
CDC5L	0.236733	0.0	99	STATE_ST-HVG-Parse
PFDN6	0.046744	0.0365926772	115	STATE_ST-HVG-Parse
TMEM258	0.0856	0.0001267024	193	STATE_ST-HVG-Parse
PARS2	0.090852	4.72307e-05	66	STATE_ST-HVG-Parse
ADRM1	0.031423	0.1600998789	105	STATE_ST-HVG-Parse
DNAJC11	0.089429	6.20444e-05	46	STATE_ST-HVG-Parse
RPUSD3	-0.074118	0.0009094269	164	STATE_ST-HVG-Parse
PCBP1	0.062424	0.0052275397	108	STATE_ST-HVG-Parse
NRBP1	0.197613	0.0	63	STATE_ST-HVG-Parse
PRELID1	0.051673	0.0208340827	152	STATE_ST-HVG-Parse
NOC4L	0.241076	0.0	34	STATE_ST-HVG-Parse
MRTO4	-0.028622	0.2007212639	83	STATE_ST-HVG-Parse
FARSB	0.140707	3e-10	97	STATE_ST-HVG-Parse
NSMCE1	0.044327	0.0474663079	61	STATE_ST-HVG-Parse
GTF2F2	0.14316	1e-10	59	STATE_ST-HVG-Parse
DOHH	0.10598	2.0344e-06	155	STATE_ST-HVG-Parse
CEP152	0.136058	1e-09	153	STATE_ST-HVG-Parse
SNRNP48	0.246255	0.0	191	STATE_ST-HVG-Parse
PABPN1	0.203572	0.0	148	STATE_ST-HVG-Parse
TULP1	-0.095585	1.85371e-05	123	STATE_ST-HVG-Parse
CCDC137	0.044908	0.0446308516	198	STATE_ST-HVG-Parse
PRPF18	0.226212	0.0	268	STATE_ST-HVG-Parse
ELL	0.029034	0.1943262964	83	STATE_ST-HVG-Parse
TAF6	0.110447	7.368e-07	113	STATE_ST-HVG-Parse
BRF2	-0.004761	0.8314858675	174	STATE_ST-HVG-Parse
GTF3C3	0.115803	2.068e-07	132	STATE_ST-HVG-Parse
TAF1B	0.10339	3.5995e-06	94	STATE_ST-HVG-Parse
RRP12	0.31645	0.0	204	STATE_ST-HVG-Parse
IK	0.215308	0.0	289	STATE_ST-HVG-Parse
TCP1	0.156358	0.0	67	STATE_ST-HVG-Parse
NOP56	0.020762	0.3533984423	99	STATE_ST-HVG-Parse
ISG20L2	0.154443	0.0	73	STATE_ST-HVG-Parse
TSPYL5	0.112955	4.094e-07	93	STATE_ST-HVG-Parse
TTI2	0.05154	0.0211645588	43	STATE_ST-HVG-Parse
INCENP	0.137404	7e-10	59	STATE_ST-HVG-Parse
REXO2	0.039474	0.0775815323	79	STATE_ST-HVG-Parse
POP1	0.268696	0.0	84	STATE_ST-HVG-Parse
BET1	0.163272	0.0	131	STATE_ST-HVG-Parse
ATF4	0.009056	0.6856608987	72	STATE_ST-HVG-Parse
SNRNP70	0.271284	0.0	129	STATE_ST-HVG-Parse
NVL	0.107942	1.3088e-06	110	STATE_ST-HVG-Parse
HDAC7	0.096453	1.5541e-05	171	STATE_ST-HVG-Parse
NCAPH2	-0.08876	7.04283e-05	143	STATE_ST-HVG-Parse
NELFE	0.118737	1.006e-07	74	STATE_ST-HVG-Parse
ATP6AP1	0.154443	0.0	119	STATE_ST-HVG-Parse
RPL14	0.27051	0.0	220	STATE_ST-HVG-Parse
ISCU	0.149383	0.0	58	STATE_ST-HVG-Parse
MRPL17	-0.068817	0.0020747539	99	STATE_ST-HVG-Parse
HIST1H2BC	0.016256	0.4674717784	64	STATE_ST-HVG-Parse
TPR	0.183871	0.0	77	STATE_ST-HVG-Parse
MRPS25	0.027406	0.220534876	99	STATE_ST-HVG-Parse
MRPL41	-0.044338	0.0474143885	69	STATE_ST-HVG-Parse
LTBP3	-0.023119	0.3014125526	157	STATE_ST-HVG-Parse
ARMC6	0.050543	0.023796618	86	STATE_ST-HVG-Parse
DCTN5	0.165617	0.0	141	STATE_ST-HVG-Parse
RAD51C	0.007347	0.7426307201	65	STATE_ST-HVG-Parse
TIPIN	-0.037001	0.0980753228	109	STATE_ST-HVG-Parse
SRP14	-0.016861	0.4510858655	132	STATE_ST-HVG-Parse
LAS1L	0.067365	0.0025764639	83	STATE_ST-HVG-Parse
COASY	-0.082276	0.0002301124	247	STATE_ST-HVG-Parse
PAM16	0.1601	0.0	56	STATE_ST-HVG-Parse
TIGD1	-0.014099	0.5285735726	59	STATE_ST-HVG-Parse
DDX52	0.274323	0.0	117	STATE_ST-HVG-Parse
NFYC	0.09049	5.06469e-05	23	STATE_ST-HVG-Parse
HSPD1	0.145228	1e-10	145	STATE_ST-HVG-Parse
TRIAP1	0.065597	0.0033366003	66	STATE_ST-HVG-Parse
EMC7	-0.015521	0.4878413379	193	STATE_ST-HVG-Parse
POLR3K	0.112182	4.913e-07	108	STATE_ST-HVG-Parse
EP400	0.141921	2e-10	82	STATE_ST-HVG-Parse
GLRX5	0.006316	0.7777176499	99	STATE_ST-HVG-Parse
MRPS12	0.013067	0.5591939092	55	STATE_ST-HVG-Parse
RBM10	-0.065517	0.0033750788	130	STATE_ST-HVG-Parse
SIN3A	0.136221	1e-09	307	STATE_ST-HVG-Parse
SMC6	0.069013	0.0020144619	125	STATE_ST-HVG-Parse
SCNM1	-0.008206	0.7137816548	101	STATE_ST-HVG-Parse
SEC61A1	0.161033	0.0	180	STATE_ST-HVG-Parse
SCD	0.01445	0.5183790922	24	STATE_ST-HVG-Parse
MIS18BP1	0.060076	0.00720069	107	STATE_ST-HVG-Parse
VPS37C	-0.041782	0.0617324673	177	STATE_ST-HVG-Parse
DHPS	0.046622	0.0370856039	66	STATE_ST-HVG-Parse
TTK	0.396133	0.0	199	STATE_ST-HVG-Parse
NCAPH	0.174228	0.0	68	STATE_ST-HVG-Parse
USP10	-0.000574	0.9795335531	92	STATE_ST-HVG-Parse
GTPBP4	0.131878	3.2e-09	71	STATE_ST-HVG-Parse
DTYMK	0.05553	0.0130014997	121	STATE_ST-HVG-Parse
UBA2	0.037718	0.0917297602	172	STATE_ST-HVG-Parse
FAM229A	0.07736	0.0005348594	137	STATE_ST-HVG-Parse
XPO5	0.010542	0.6375327706	221	STATE_ST-HVG-Parse
KATNB1	0.120786	6.02e-08	178	STATE_ST-HVG-Parse
DPH6	-0.037556	0.0931356698	101	STATE_ST-HVG-Parse
CAPZB	0.086996	9.79832e-05	83	STATE_ST-HVG-Parse
TRIM49C	-0.063408	0.004557251	85	STATE_ST-HVG-Parse
ADAT2	-0.01877	0.4014842212	85	STATE_ST-HVG-Parse
PDCD2	0.160458	0.0	74	STATE_ST-HVG-Parse
BNIP1	0.106998	1.6198e-06	111	STATE_ST-HVG-Parse
YARS2	-0.032913	0.1411868036	190	STATE_ST-HVG-Parse
GUK1	0.009706	0.6644337177	118	STATE_ST-HVG-Parse
BRD8	-0.091237	4.38439e-05	77	STATE_ST-HVG-Parse
NPM3	0.043382	0.0524021573	62	STATE_ST-HVG-Parse
ATP6AP2	0.096993	1.39156e-05	175	STATE_ST-HVG-Parse
NDUFB7	-0.017398	0.4367970228	74	STATE_ST-HVG-Parse
POLG2	0.063454	0.004528048	156	STATE_ST-HVG-Parse
SUPT4H1	0.188777	0.0	74	STATE_ST-HVG-Parse
SPC25	0.419659	0.0	199	STATE_ST-HVG-Parse
MBTPS2	0.061669	0.0058007101	214	STATE_ST-HVG-Parse
UBA52	0.13183	3.3e-09	58	STATE_ST-HVG-Parse
ELAC2	-0.045731	0.0408622101	85	STATE_ST-HVG-Parse
HAMP	0.023472	0.2940852344	33	STATE_ST-HVG-Parse
NAA25	0.171493	0.0	176	STATE_ST-HVG-Parse
SBDS	0.052847	0.0181000493	95	STATE_ST-HVG-Parse
RTF1	0.121572	4.93e-08	62	STATE_ST-HVG-Parse
PCNA	0.172751	0.0	132	STATE_ST-HVG-Parse
WDR1	-0.051831	0.0204459466	102	STATE_ST-HVG-Parse
PFDN2	0.19489	0.0	86	STATE_ST-HVG-Parse
RAC1	-0.011759	0.5991723537	194	STATE_ST-HVG-Parse
NAE1	-0.061475	0.0059568747	88	STATE_ST-HVG-Parse
XRCC6	0.123952	2.68e-08	28	STATE_ST-HVG-Parse
TREML2	0.03398	0.1287360787	58	STATE_ST-HVG-Parse
PSMA7	0.116262	1.85e-07	41	STATE_ST-HVG-Parse
ECT2	0.107492	1.449e-06	55	STATE_ST-HVG-Parse
ARF4	-0.016212	0.4686743021	89	STATE_ST-HVG-Parse
NUDCD3	-0.02496	0.2645384669	112	STATE_ST-HVG-Parse
RPL41	-0.011783	0.5984393358	47	STATE_ST-HVG-Parse
WDTC1	0.096517	1.53375e-05	112	STATE_ST-HVG-Parse
HIST2H3D	-0.060276	0.0070091612	185	STATE_ST-HVG-Parse
ANAPC1	0.061039	0.0063221944	124	STATE_ST-HVG-Parse
ELOVL1	0.036216	0.1054176614	176	STATE_ST-HVG-Parse
HINFP	0.111803	5.371e-07	160	STATE_ST-HVG-Parse
ARFRP1	-0.027989	0.2108802348	138	STATE_ST-HVG-Parse
ZC3H8	0.052151	0.0196806844	21	STATE_ST-HVG-Parse
GAK	-0.040408	0.0708042607	167	STATE_ST-HVG-Parse
CHTOP	-0.076019	0.000667748	149	STATE_ST-HVG-Parse
MRPL44	0.015566	0.4865988195	73	STATE_ST-HVG-Parse
MASTL	0.171034	0.0	112	STATE_ST-HVG-Parse
EIF1	0.033677	0.1321813911	95	STATE_ST-HVG-Parse
RANBP2	-0.019147	0.3920947313	85	STATE_ST-HVG-Parse
HUWE1	0.041358	0.0644259676	94	STATE_ST-HVG-Parse
SEM1	0.14422	1e-10	88	STATE_ST-HVG-Parse
PAK1IP1	0.074704	0.0008274502	21	STATE_ST-HVG-Parse
RAD51D	0.03743	0.094234176	142	STATE_ST-HVG-Parse
CA5A	-0.00499	0.8235318661	190	STATE_ST-HVG-Parse
CUL3	-0.039848	0.0748038962	120	STATE_ST-HVG-Parse
CHCHD4	0.017653	0.4300861657	140	STATE_ST-HVG-Parse
SASS6	0.104863	2.6059e-06	68	STATE_ST-HVG-Parse
SDHA	0.027533	0.2184094638	62	STATE_ST-HVG-Parse
SNAPC2	0.044187	0.0481758378	72	STATE_ST-HVG-Parse
TOMM40	0.109188	9.85e-07	117	STATE_ST-HVG-Parse
THOC5	0.197377	0.0	32	STATE_ST-HVG-Parse
LIN52	0.05874	0.008600099	13	STATE_ST-HVG-Parse
GRSF1	0.000619	0.9779314995	172	STATE_ST-HVG-Parse
TELO2	0.195811	0.0	74	STATE_ST-HVG-Parse
RFC4	0.045418	0.042263858	72	STATE_ST-HVG-Parse
ARL4D	0.014668	0.5120728016	120	STATE_ST-HVG-Parse
RAD21	0.179852	0.0	117	STATE_ST-HVG-Parse
SEPSECS	0.028197	0.2075008303	82	STATE_ST-HVG-Parse
RPTOR	0.08504	0.0001403112	82	STATE_ST-HVG-Parse
NSMCE2	0.04896	0.0285608582	118	STATE_ST-HVG-Parse
DCAF6	0.035819	0.1092931107	137	STATE_ST-HVG-Parse
PRRC2A	-0.055777	0.0126032429	89	STATE_ST-HVG-Parse
CHMP1A	0.026777	0.2313198894	78	STATE_ST-HVG-Parse
C7orf50	-0.044567	0.0462777503	93	STATE_ST-HVG-Parse
CNIH4	0.062597	0.005103685	67	STATE_ST-HVG-Parse
GJA3	0.060941	0.0064065247	73	STATE_ST-HVG-Parse
CCT8	0.132151	3e-09	111	STATE_ST-HVG-Parse
RABGGTA	0.162161	0.0	116	STATE_ST-HVG-Parse
TUBA3D	-0.109583	8.996e-07	69	STATE_ST-HVG-Parse
CPSF6	0.186582	0.0	50	STATE_ST-HVG-Parse
HAUS5	0.219883	0.0	160	STATE_ST-HVG-Parse
FEN1	-0.035461	0.1128849462	141	STATE_ST-HVG-Parse
NOLC1	0.112842	4.205e-07	119	STATE_ST-HVG-Parse
KRT17	-0.034242	0.1258098036	85	STATE_ST-HVG-Parse
EIF4A1	0.092099	3.70777e-05	46	STATE_ST-HVG-Parse
WDR24	0.12311	3.33e-08	82	STATE_ST-HVG-Parse
ANKS6	0.077574	0.0005160377	95	STATE_ST-HVG-Parse
NOP58	0.273305	0.0	55	STATE_ST-HVG-Parse
INTS4	0.183491	0.0	48	STATE_ST-HVG-Parse
DIMT1	0.30641	0.0	94	STATE_ST-HVG-Parse
RPP30	0.300877	0.0	101	STATE_ST-HVG-Parse
YY1	0.061017	0.0063412813	82	STATE_ST-HVG-Parse
SUMO2	-0.007533	0.7363675833	63	STATE_ST-HVG-Parse
PRPF19	0.195981	0.0	112	STATE_ST-HVG-Parse
ATP6V1G1	-0.015151	0.4982822537	67	STATE_ST-HVG-Parse
HIST1H2BB	0.028819	0.1976448745	135	STATE_ST-HVG-Parse
ORC6	0.116722	1.653e-07	81	STATE_ST-HVG-Parse
TIMM8A	-0.016685	0.4558178186	162	STATE_ST-HVG-Parse
SYMPK	0.14726	0.0	89	STATE_ST-HVG-Parse
SMC5	0.02503	0.2632101774	121	STATE_ST-HVG-Parse
PPP1R7	-0.032106	0.1512006223	63	STATE_ST-HVG-Parse
PRPF3	0.268684	0.0	143	STATE_ST-HVG-Parse
TSEN54	0.045966	0.0398341492	52	STATE_ST-HVG-Parse
GTF2A2	0.27146	0.0	173	STATE_ST-HVG-Parse
PRPF38B	0.095904	1.73757e-05	29	STATE_ST-HVG-Parse
MED27	0.22045	0.0	19	STATE_ST-HVG-Parse
SKA3	-0.072017	0.001269188	116	STATE_ST-HVG-Parse
DDX21	0.24143	0.0	90	STATE_ST-HVG-Parse
ATP1A1	0.065203	0.0035314898	84	STATE_ST-HVG-Parse
IFITM3	-0.029443	0.188114211	20	STATE_ST-HVG-Parse
SRP68	0.152572	0.0	171	STATE_ST-HVG-Parse
CLNS1A	0.117717	1.295e-07	53	STATE_ST-HVG-Parse
HSP90B1	0.013638	0.542154789	114	STATE_ST-HVG-Parse
CMPK1	0.061403	0.0060159029	173	STATE_ST-HVG-Parse
CCNL1	-0.010393	0.6422770619	177	STATE_ST-HVG-Parse
GSPT1	0.190949	0.0	108	STATE_ST-HVG-Parse
SSBP3	0.068201	0.0022755205	107	STATE_ST-HVG-Parse
KIF18B	0.092817	3.22042e-05	122	STATE_ST-HVG-Parse
PRDM10	0.045614	0.0413800851	14	STATE_ST-HVG-Parse
NOL9	0.026993	0.2275724411	33	STATE_ST-HVG-Parse
NDUFA8	0.013687	0.5406939983	109	STATE_ST-HVG-Parse
KLF7	-0.049784	0.0259881355	173	STATE_ST-HVG-Parse
PET117	0.094235	2.43151e-05	83	STATE_ST-HVG-Parse
VPS72	-0.190161	0.0	98	STATE_ST-HVG-Parse
OSBP	-0.034017	0.1283112019	65	STATE_ST-HVG-Parse
LSM11	0.026643	0.2336700559	130	STATE_ST-HVG-Parse
NUFIP1	0.151898	0.0	63	STATE_ST-HVG-Parse
UQCRB	0.047208	0.0347657017	96	STATE_ST-HVG-Parse
DNAJC17	0.177439	0.0	31	STATE_ST-HVG-Parse
ZWINT	0.164354	0.0	33	STATE_ST-HVG-Parse
RBM19	0.180259	0.0	43	STATE_ST-HVG-Parse
MRPL37	-0.060511	0.0067913341	116	STATE_ST-HVG-Parse
TRAPPC1	-0.034386	0.1242225692	106	STATE_ST-HVG-Parse
RPS5	0.334887	0.0	144	STATE_ST-HVG-Parse
NOB1	0.172962	0.0	53	STATE_ST-HVG-Parse
RBBP5	0.288596	0.0	23	STATE_ST-HVG-Parse
F8A1	0.108227	1.2266e-06	28	STATE_ST-HVG-Parse
COPE	-0.042424	0.0578356981	143	STATE_ST-HVG-Parse
SDC1	0.079962	0.0003442429	170	STATE_ST-HVG-Parse
MTPAP	0.178331	0.0	90	STATE_ST-HVG-Parse
HBS1L	0.205614	0.0	143	STATE_ST-HVG-Parse
EXOSC1	0.083564	0.0001830585	77	STATE_ST-HVG-Parse
PPA2	-0.038021	0.0891515538	64	STATE_ST-HVG-Parse
NBEAL1	-0.039348	0.0785276666	99	STATE_ST-HVG-Parse
HIST1H2BE	-0.076352	0.0006321399	55	STATE_ST-HVG-Parse
CUL7	0.180238	0.0	33	STATE_ST-HVG-Parse
SCAP	0.008283	0.7112354636	140	STATE_ST-HVG-Parse
MRPL13	-0.025703	0.2505754232	87	STATE_ST-HVG-Parse
SLC7A6OS	0.140172	3e-10	38	STATE_ST-HVG-Parse
MRPL21	-0.037297	0.0954129621	14	STATE_ST-HVG-Parse
ARIH1	0.156343	0.0	59	STATE_ST-HVG-Parse
SHQ1	0.066544	0.0029074315	94	STATE_ST-HVG-Parse
PELP1	0.153296	0.0	69	STATE_ST-HVG-Parse
ZRSR2	0.106437	1.837e-06	113	STATE_ST-HVG-Parse
EWSR1	-0.018865	0.3991138637	48	STATE_ST-HVG-Parse
NOL7	0.155903	0.0	73	STATE_ST-HVG-Parse
DDX41	0.161719	0.0	292	STATE_ST-HVG-Parse
BIRC5	0.096041	1.69008e-05	46	STATE_ST-HVG-Parse
OSGEP	-0.051314	0.0217386503	70	STATE_ST-HVG-Parse
RPL12	0.274476	0.0	255	STATE_ST-HVG-Parse
SKP1	0.09966	7.9961e-06	66	STATE_ST-HVG-Parse
NUP133	0.065702	0.0032862567	79	STATE_ST-HVG-Parse
ZRANB2	-0.001657	0.9409646988	40	STATE_ST-HVG-Parse
TWISTNB	0.265678	0.0	169	STATE_ST-HVG-Parse
EPRS	0.150142	0.0	79	STATE_ST-HVG-Parse
KARS	0.144724	1e-10	59	STATE_ST-HVG-Parse
HSCB	0.061573	0.0058778934	86	STATE_ST-HVG-Parse
PES1	0.170831	0.0	65	STATE_ST-HVG-Parse
HNRNPU	0.083344	0.0001903959	93	STATE_ST-HVG-Parse
RNF168	-0.073421	0.0010167192	61	STATE_ST-HVG-Parse
SAP130	0.136642	8e-10	113	STATE_ST-HVG-Parse
TAF5	0.188048	0.0	35	STATE_ST-HVG-Parse
NUP88	0.182662	0.0	36	STATE_ST-HVG-Parse
COX6C	-0.046418	0.0379216783	117	STATE_ST-HVG-Parse
SAP30BP	0.1293	6.5e-09	40	STATE_ST-HVG-Parse
PSMA1	0.170124	0.0	170	STATE_ST-HVG-Parse
DAD1	-0.000506	0.9819431901	80	STATE_ST-HVG-Parse
MRPL28	-0.01007	0.6526620388	52	STATE_ST-HVG-Parse
ARID3A	0.037315	0.0952541232	31	STATE_ST-HVG-Parse
SNAPC1	0.066109	0.0030977866	96	STATE_ST-HVG-Parse
RPL29	0.101123	5.8665e-06	88	STATE_ST-HVG-Parse
NEMF	0.02281	0.3079237342	63	STATE_ST-HVG-Parse
MRPS18A	-0.021595	0.3344032764	121	STATE_ST-HVG-Parse
POLD2	0.074416	0.0008667587	78	STATE_ST-HVG-Parse
OR2T29	0.035228	0.1152633876	103	STATE_ST-HVG-Parse
TIMM44	0.170292	0.0	45	STATE_ST-HVG-Parse
CRKL	-0.015091	0.4999977648	120	STATE_ST-HVG-Parse
DDX59	0.065201	0.0035324583	154	STATE_ST-HVG-Parse
CLSPN	0.176405	0.0	134	STATE_ST-HVG-Parse
MED4	0.277392	0.0	66	STATE_ST-HVG-Parse
CFL1	-0.067272	0.0026124236	23	STATE_ST-HVG-Parse
CEP97	-0.028345	0.2051274478	135	STATE_ST-HVG-Parse
GNB1L	-0.003753	0.8667852879	76	STATE_ST-HVG-Parse
INO80	0.104901	2.5843e-06	151	STATE_ST-HVG-Parse
SDHD	0.043912	0.0495850742	45	STATE_ST-HVG-Parse
HGS	0.1457	1e-10	99	STATE_ST-HVG-Parse
NDUFA11	-0.030499	0.1727534235	80	STATE_ST-HVG-Parse
UQCRFS1	0.055303	0.0133764148	119	STATE_ST-HVG-Parse
PDCD7	0.122848	3.56e-08	99	STATE_ST-HVG-Parse
EEF1A1	0.104499	2.8238e-06	37	STATE_ST-HVG-Parse
EXOC5	0.038657	0.0839204937	110	STATE_ST-HVG-Parse
MRPL9	-0.057618	0.0099574747	121	STATE_ST-HVG-Parse
KTI12	0.022802	0.3080906868	52	STATE_ST-HVG-Parse
WBP1	-0.019385	0.3862251043	99	STATE_ST-HVG-Parse
COX17	0.063664	0.0043962807	143	STATE_ST-HVG-Parse
UTP3	0.273102	0.0	27	STATE_ST-HVG-Parse
NOP14	0.245191	0.0	47	STATE_ST-HVG-Parse
NPAT	0.037353	0.0949149206	21	STATE_ST-HVG-Parse
NFS1	0.125286	1.89e-08	82	STATE_ST-HVG-Parse
SLC25A26	0.004845	0.8285571337	36	STATE_ST-HVG-Parse
RBMXL1	-0.028212	0.2072510719	60	STATE_ST-HVG-Parse
NCKAP1	0.164925	0.0	70	STATE_ST-HVG-Parse
C12orf45	0.247026	0.0	100	STATE_ST-HVG-Parse
COA5	-0.047539	0.03351181	175	STATE_ST-HVG-Parse
INTS7	0.11941	8.51e-08	79	STATE_ST-HVG-Parse
EIF4B	0.042042	0.0601324551	41	STATE_ST-HVG-Parse
CTPS1	0.118132	1.169e-07	14	STATE_ST-HVG-Parse
PI4KA	-0.070913	0.0015069491	109	STATE_ST-HVG-Parse
DNM2	0.107572	1.423e-06	12	STATE_ST-HVG-Parse
ILF2	0.037291	0.0954659507	56	STATE_ST-HVG-Parse
DPH3	-0.079488	0.0003733586	60	STATE_ST-HVG-Parse
ZNF253	-0.036651	0.1012924835	118	STATE_ST-HVG-Parse
XRCC5	0.190203	0.0	88	STATE_ST-HVG-Parse
DHX33	0.254498	0.0	140	STATE_ST-HVG-Parse
DMAP1	0.051581	0.0210622307	78	STATE_ST-HVG-Parse
UPF1	-0.016187	0.4693776369	131	STATE_ST-HVG-Parse
MRPS6	-0.031713	0.1562775522	152	STATE_ST-HVG-Parse
RPS8	0.300551	0.0	22	STATE_ST-HVG-Parse
EXOSC5	0.226437	0.0	41	STATE_ST-HVG-Parse
PRPF38A	0.030813	0.1683721691	19	STATE_ST-HVG-Parse
RPS15	0.233722	0.0	26	STATE_ST-HVG-Parse
ANAPC11	-0.032755	0.1431078017	77	STATE_ST-HVG-Parse
PFDN4	0.08566	0.0001253157	34	STATE_ST-HVG-Parse
UBR4	0.039818	0.0750243664	26	STATE_ST-HVG-Parse
RSRC2	0.023657	0.2903098464	98	STATE_ST-HVG-Parse
GMPS	0.040753	0.0684293807	123	STATE_ST-HVG-Parse
NUP35	0.013099	0.5582514405	64	STATE_ST-HVG-Parse
MRPS5	-0.001283	0.9542924762	73	STATE_ST-HVG-Parse
CENPC	0.342685	0.0	124	STATE_ST-HVG-Parse
RBBP6	0.153552	0.0	86	STATE_ST-HVG-Parse
TOMM20	0.084049	0.0001678307	111	STATE_ST-HVG-Parse
WEE1	0.165792	0.0	41	STATE_ST-HVG-Parse
POLR2K	0.246447	0.0	22	STATE_ST-HVG-Parse
NOM1	0.18466	0.0	80	STATE_ST-HVG-Parse
RFC5	0.057204	0.0105054807	111	STATE_ST-HVG-Parse
RRP7A	0.312687	0.0	46	STATE_ST-HVG-Parse
MTRNR2L1	0.05693	0.010882224	43	STATE_ST-HVG-Parse
POGZ	0.014495	0.5170753598	38	STATE_ST-HVG-Parse
TRPM7	0.180502	0.0	128	STATE_ST-HVG-Parse
NELFA	0.146562	0.0	89	STATE_ST-HVG-Parse
LCN10	-0.017198	0.4420822263	81	STATE_ST-HVG-Parse
RRN3	0.246203	0.0	39	STATE_ST-HVG-Parse
DARS	0.139622	4e-10	70	STATE_ST-HVG-Parse
METTL16	0.001001	0.9642990828	42	STATE_ST-HVG-Parse
UTP6	0.267231	0.0	69	STATE_ST-HVG-Parse
MED29	0.220121	0.0	93	STATE_ST-HVG-Parse
FARSA	0.15182	0.0	138	STATE_ST-HVG-Parse
GPN1	0.23344	0.0	86	STATE_ST-HVG-Parse
NOL12	0.139763	3e-10	93	STATE_ST-HVG-Parse
NAA50	0.054194	0.0153548475	108	STATE_ST-HVG-Parse
RBM48	0.186649	0.0	55	STATE_ST-HVG-Parse
PSMA6	0.127888	9.5e-09	40	STATE_ST-HVG-Parse
ANLN	-0.077328	0.0005377174	96	STATE_ST-HVG-Parse
TOPBP1	0.065944	0.0031727834	52	STATE_ST-HVG-Parse
UBC	0.021731	0.3313724399	107	STATE_ST-HVG-Parse
TONSL	0.148241	0.0	28	STATE_ST-HVG-Parse
GLRX3	-0.029095	0.1933807135	136	STATE_ST-HVG-Parse
SRSF3	0.214251	0.0	29	STATE_ST-HVG-Parse
SMNDC1	0.042315	0.058485169	15	STATE_ST-HVG-Parse
OGT	-0.01012	0.6510569453	31	STATE_ST-HVG-Parse
GTF2H3	0.116311	1.828e-07	76	STATE_ST-HVG-Parse
UNC50	0.032754	0.143113628	83	STATE_ST-HVG-Parse
AASDHPPT	-0.089572	6.03778e-05	49	STATE_ST-HVG-Parse
HNRNPL	0.049791	0.0259659961	80	STATE_ST-HVG-Parse
RNPC3	0.191783	0.0	74	STATE_ST-HVG-Parse
ANAPC10	0.058526	0.0088448552	29	STATE_ST-HVG-Parse
NUP43	-0.008545	0.7025410533	29	STATE_ST-HVG-Parse
RPP21	0.06537	0.0034473243	60	STATE_ST-HVG-Parse
SEC62	0.030112	0.1782674193	5	STATE_ST-HVG-Parse
DUT	0.083279	0.0001926103	49	STATE_ST-HVG-Parse
TPRKB	0.064164	0.0040962677	40	STATE_ST-HVG-Parse
TBL3	0.291649	0.0	75	STATE_ST-HVG-Parse
NFKBIE	0.142794	1e-10	51	STATE_ST-HVG-Parse
MEPCE	-0.03151	0.1589436233	127	STATE_ST-HVG-Parse
CCDC84	0.151307	0.0	79	STATE_ST-HVG-Parse
DOLK	-0.029987	0.1800776124	146	STATE_ST-HVG-Parse
MAU2	0.11276	4.287e-07	66	STATE_ST-HVG-Parse
CWC22	0.184601	0.0	34	STATE_ST-HVG-Parse
URI1	0.140995	2e-10	82	STATE_ST-HVG-Parse
CLCC1	0.059197	0.0080958512	47	STATE_ST-HVG-Parse
CTNNBL1	-0.004021	0.8573804498	69	STATE_ST-HVG-Parse
PPP6C	0.037004	0.0980460793	114	STATE_ST-HVG-Parse
PSMC5	0.028975	0.1952237785	17	STATE_ST-HVG-Parse
METTL23	-0.057898	0.0096026938	114	STATE_ST-HVG-Parse
VPS28	0.163255	0.0	59	STATE_ST-HVG-Parse
HIST1H2AI	-0.019719	0.3780982494	56	STATE_ST-HVG-Parse
PSMA5	0.173414	0.0	25	STATE_ST-HVG-Parse
CCNA2	-0.073023	0.0010830321	24	STATE_ST-HVG-Parse
DDX20	0.053974	0.0157759171	114	STATE_ST-HVG-Parse
SYS1	0.04165	0.0625598654	59	STATE_ST-HVG-Parse
PDAP1	0.108591	1.1291e-06	50	STATE_ST-HVG-Parse
PLK1	0.15064	0.0	60	STATE_ST-HVG-Parse
MRPL15	-0.036315	0.1044654548	46	STATE_ST-HVG-Parse
TPI1	0.11305	4.002e-07	40	STATE_ST-HVG-Parse
PABPC1	0.280961	0.0	19	STATE_ST-HVG-Parse
MSTO1	0.005229	0.8151988387	100	STATE_ST-HVG-Parse
VPS35	0.081846	0.0002481912	43	STATE_ST-HVG-Parse
RCOR1	-0.02861	0.2009145766	35	STATE_ST-HVG-Parse
PWP2	0.252289	0.0	51	STATE_ST-HVG-Parse
RNF4	0.108142	1.2504e-06	32	STATE_ST-HVG-Parse
POP5	0.239908	0.0	56	STATE_ST-HVG-Parse
HNRNPK	0.121666	4.82e-08	25	STATE_ST-HVG-Parse
SF1	0.144904	1e-10	47	STATE_ST-HVG-Parse
CPSF2	0.083568	0.0001829298	20	STATE_ST-HVG-Parse
XRN2	0.127153	1.16e-08	66	STATE_ST-HVG-Parse
CHTF8	0.081579	0.0002600579	45	STATE_ST-HVG-Parse
TOE1	0.043977	0.0492466502	146	STATE_ST-HVG-Parse
ARGFX	0.060601	0.0067087295	84	STATE_ST-HVG-Parse
ZNF720	-0.026853	0.2299969196	73	STATE_ST-HVG-Parse
CDC26	0.147981	0.0	45	STATE_ST-HVG-Parse
UBR5	-0.03829	0.0869118124	46	STATE_ST-HVG-Parse
TUBGCP4	0.206788	0.0	42	STATE_ST-HVG-Parse
TDGF1	0.022908	0.3058446348	106	STATE_ST-HVG-Parse
NPM1	0.028839	0.1973371059	27	STATE_ST-HVG-Parse
EIF1AD	0.07113	0.0014571151	33	STATE_ST-HVG-Parse
AARS	0.122292	4.11e-08	40	STATE_ST-HVG-Parse
XRN1	0.112555	4.5e-07	10	STATE_ST-HVG-Parse
PRPF31	0.185811	0.0	27	STATE_ST-HVG-Parse
NAPG	-0.05683	0.0110223982	62	STATE_ST-HVG-Parse
EIF3G	0.254244	0.0	67	STATE_ST-HVG-Parse
OTOP1	0.010046	0.6534305811	105	STATE_ST-HVG-Parse
PSMC3	0.126946	1.22e-08	41	STATE_ST-HVG-Parse
PGPEP1	0.099757	7.8347e-06	52	STATE_ST-HVG-Parse
IARS	0.115174	2.408e-07	58	STATE_ST-HVG-Parse
LAMTOR3	0.026754	0.2317107618	40	STATE_ST-HVG-Parse
IPO7	0.018269	0.4141837358	75	STATE_ST-HVG-Parse
OPA1	0.058229	0.0091960952	60	STATE_ST-HVG-Parse
COG8	0.077371	0.0005338603	47	STATE_ST-HVG-Parse
HSD17B10	-0.027769	0.2144783139	26	STATE_ST-HVG-Parse
RPL7L1	0.161114	0.0	30	STATE_ST-HVG-Parse
SNIP1	0.114255	3.004e-07	45	STATE_ST-HVG-Parse
MOCS3	-0.038262	0.0871421024	118	STATE_ST-HVG-Parse
SARS	0.163517	0.0	28	STATE_ST-HVG-Parse
EXOC7	0.206018	0.0	32	STATE_ST-HVG-Parse
COX5A	0.117484	1.372e-07	85	STATE_ST-HVG-Parse
HAUS6	0.139181	4e-10	33	STATE_ST-HVG-Parse
CHMP4B	0.045944	0.0399310589	71	STATE_ST-HVG-Parse
FAU	0.264909	0.0	48	STATE_ST-HVG-Parse
PPY	0.096364	1.58231e-05	10	STATE_ST-HVG-Parse
TERF1	-0.067871	0.0023903092	83	STATE_ST-HVG-Parse
PSMD14	0.143184	1e-10	10	STATE_ST-HVG-Parse
PPIL1	-0.014169	0.5265502334	24	STATE_ST-HVG-Parse
CHAF1A	0.033833	0.1303950101	38	STATE_ST-HVG-Parse
SNRPD2	0.245057	0.0	19	STATE_ST-HVG-Parse
GPN2	0.206481	0.0	44	STATE_ST-HVG-Parse
THAP11	0.017924	0.4230467379	63	STATE_ST-HVG-Parse
IPO13	0.054041	0.0156473722	51	STATE_ST-HVG-Parse
AFG3L2	0.043007	0.0544775985	15	STATE_ST-HVG-Parse
PREB	0.048933	0.028648166	40	STATE_ST-HVG-Parse
POT1	0.082852	0.0002078327	5	STATE_ST-HVG-Parse
CACTIN	0.248185	0.0	60	STATE_ST-HVG-Parse
MRPL34	0.030933	0.1667177528	27	STATE_ST-HVG-Parse
TUBG1	-0.051227	0.021963343	13	STATE_ST-HVG-Parse
RFFL	-0.034966	0.1179991886	7	STATE_ST-HVG-Parse
NOL10	0.259756	0.0	25	STATE_ST-HVG-Parse
UQCRC2	0.032246	0.1494286209	68	STATE_ST-HVG-Parse
PSMB2	0.12649	1.38e-08	53	STATE_ST-HVG-Parse
SET	0.075222	0.0007607536	17	STATE_ST-HVG-Parse
OR4K1	0.017655	0.430051893	19	STATE_ST-HVG-Parse
BMS1	0.21047	0.0	28	STATE_ST-HVG-Parse
BUD31	0.037666	0.0921751857	37	STATE_ST-HVG-Parse
RPAP3	0.112481	4.579e-07	18	STATE_ST-HVG-Parse
CDK7	0.148894	0.0	18	STATE_ST-HVG-Parse
TBC1D3	0.041599	0.0628844723	32	STATE_ST-HVG-Parse
SNRPC	0.206215	0.0	34	STATE_ST-HVG-Parse
RPS2	0.248742	0.0	53	STATE_ST-HVG-Parse
NDUFAF7	0.094409	2.34852e-05	18	STATE_ST-HVG-Parse
CDT1	0.160966	0.0	28	STATE_ST-HVG-Parse
FAM133B	0.059423	0.0078563988	25	STATE_ST-HVG-Parse
RPL7A	0.236808	0.0	10	STATE_ST-HVG-Parse
NUP155	0.10112	5.8706e-06	7	STATE_ST-HVG-Parse
FDPS	0.030919	0.1669026166	10	STATE_ST-HVG-Parse
RBM22	0.090024	5.53814e-05	5	STATE_ST-HVG-Parse
POLR3A	0.100326	6.9494e-06	6	STATE_ST-HVG-Parse
